surah,verse,verse_id,native_topic
1,1,1:1,44
1,2,1:2,129
1,3,1:3,51
1,4,1:4,-1
1,5,1:5,-1
1,6,1:6,36
1,7,1:7,-1
2,1,2:1,56
2,2,2:2,1
2,3,2:3,63
2,4,2:4,-1
2,5,2:5,-1
2,6,2:6,38
2,7,2:7,5
2,8,2:8,5
2,9,2:9,-1
2,10,2:10,5
2,11,2:11,-1
2,12,2:12,-1
2,13,2:13,53
2,14,2:14,-1
2,15,2:15,70
2,16,2:16,-1
2,17,2:17,5
2,18,2:18,-1
2,19,2:19,-1
2,20,2:20,-1
2,21,2:21,105
2,22,2:22,24
2,23,2:23,1
2,24,2:24,-1
2,25,2:25,3
2,26,2:26,-1
2,27,2:27,-1
2,28,2:28,99
2,29,2:29,15
2,30,2:30,-1
2,31,2:31,115
2,32,2:32,-1
2,33,2:33,115
2,34,2:34,61
2,35,2:35,61
2,36,2:36,94
2,37,2:37,-1
2,38,2:38,-1
2,39,2:39,-1
2,40,2:40,7
2,41,2:41,-1
2,42,2:42,-1
2,43,2:43,23
2,44,2:44,74
2,45,2:45,23
2,46,2:46,63
2,47,2:47,7
2,48,2:48,-1
2,49,2:49,-1
2,50,2:50,-1
2,51,2:51,7
2,52,2:52,-1
2,53,2:53,7
2,54,2:54,-1
2,55,2:55,28
2,56,2:56,11
2,57,2:57,18
2,58,2:58,-1
2,59,2:59,13
2,60,2:60,-1
2,61,2:61,46
2,62,2:62,120
2,63,2:63,7
2,64,2:64,-1
2,65,2:65,18
2,66,2:66,65
2,67,2:67,-1
2,68,2:68,-1
2,69,2:69,131
2,70,2:70,83
2,71,2:71,-1
2,72,2:72,28
2,73,2:73,99
2,74,2:74,-1
2,75,2:75,-1
2,76,2:76,74
2,77,2:77,45
2,78,2:78,-1
2,79,2:79,74
2,80,2:80,130
2,81,2:81,-1
2,82,2:82,32
2,83,2:83,19
2,84,2:84,7
2,85,2:85,21
2,86,2:86,107
2,87,2:87,7
2,88,2:88,5
2,89,2:89,5
2,90,2:90,13
2,91,2:91,5
2,92,2:92,7
2,93,2:93,7
2,94,2:94,0
2,95,2:95,-1
2,96,2:96,4
2,97,2:97,0
2,98,2:98,-1
2,99,2:99,67
2,100,2:100,-1
2,101,2:101,74
2,102,2:102,30
2,103,2:103,73
2,104,2:104,12
2,105,2:105,-1
2,106,2:106,-1
2,107,2:107,113
2,108,2:108,1
2,109,2:109,-1
2,110,2:110,23
2,111,2:111,-1
2,112,2:112,120
2,113,2:113,102
2,114,2:114,-1
2,115,2:115,26
2,116,2:116,60
2,117,2:117,15
2,118,2:118,-1
2,119,2:119,1
2,120,2:120,0
2,121,2:121,77
2,122,2:122,7
2,123,2:123,-1
2,124,2:124,19
2,125,2:125,41
2,126,2:126,-1
2,127,2:127,-1
2,128,2:128,-1
2,129,2:129,-1
2,130,2:130,19
2,131,2:131,64
2,132,2:132,19
2,133,2:133,19
2,134,2:134,76
2,135,2:135,-1
2,136,2:136,0
2,137,2:137,52
2,138,2:138,0
2,139,2:139,0
2,140,2:140,0
2,141,2:141,76
2,142,2:142,28
2,143,2:143,12
2,144,2:144,41
2,145,2:145,-1
2,146,2:146,77
2,147,2:147,-1
2,148,2:148,-1
2,149,2:149,41
2,150,2:150,41
2,151,2:151,67
2,152,2:152,29
2,153,2:153,-1
2,154,2:154,99
2,155,2:155,-1
2,156,2:156,-1
2,157,2:157,-1
2,158,2:158,41
2,159,2:159,-1
2,160,2:160,66
2,161,2:161,95
2,162,2:162,25
2,163,2:163,24
2,164,2:164,68
2,165,2:165,-1
2,166,2:166,-1
2,167,2:167,-1
2,168,2:168,46
2,169,2:169,-1
2,170,2:170,-1
2,171,2:171,38
2,172,2:172,46
2,173,2:173,46
2,174,2:174,-1
2,175,2:175,107
2,176,2:176,5
2,177,2:177,92
2,178,2:178,21
2,179,2:179,-1
2,180,2:180,33
2,181,2:181,28
2,182,2:182,21
2,183,2:183,-1
2,184,2:184,9
2,185,2:185,9
2,186,2:186,-1
2,187,2:187,9
2,188,2:188,33
2,189,2:189,-1
2,190,2:190,14
2,191,2:191,14
2,192,2:192,21
2,193,2:193,14
2,194,2:194,14
2,195,2:195,4
2,196,2:196,9
2,197,2:197,9
2,198,2:198,44
2,199,2:199,44
2,200,2:200,23
2,201,2:201,-1
2,202,2:202,-1
2,203,2:203,-1
2,204,2:204,70
2,205,2:205,-1
2,206,2:206,-1
2,207,2:207,-1
2,208,2:208,-1
2,209,2:209,-1
2,210,2:210,42
2,211,2:211,95
2,212,2:212,-1
2,213,2:213,-1
2,214,2:214,32
2,215,2:215,4
2,216,2:216,14
2,217,2:217,14
2,218,2:218,98
2,219,2:219,-1
2,220,2:220,33
2,221,2:221,9
2,222,2:222,9
2,223,2:223,9
2,224,2:224,47
2,225,2:225,47
2,226,2:226,9
2,227,2:227,28
2,228,2:228,9
2,229,2:229,9
2,230,2:230,9
2,231,2:231,9
2,232,2:232,9
2,233,2:233,-1
2,234,2:234,9
2,235,2:235,9
2,236,2:236,9
2,237,2:237,9
2,238,2:238,23
2,239,2:239,-1
2,240,2:240,9
2,241,2:241,9
2,242,2:242,74
2,243,2:243,-1
2,244,2:244,23
2,245,2:245,4
2,246,2:246,-1
2,247,2:247,-1
2,248,2:248,7
2,249,2:249,-1
2,250,2:250,18
2,251,2:251,-1
2,252,2:252,1
2,253,2:253,-1
2,254,2:254,-1
2,255,2:255,24
2,256,2:256,12
2,257,2:257,80
2,258,2:258,-1
2,259,2:259,11
2,260,2:260,99
2,261,2:261,4
2,262,2:262,4
2,263,2:263,-1
2,264,2:264,4
2,265,2:265,4
2,266,2:266,3
2,267,2:267,4
2,268,2:268,-1
2,269,2:269,97
2,270,2:270,4
2,271,2:271,4
2,272,2:272,4
2,273,2:273,4
2,274,2:274,4
2,275,2:275,4
2,276,2:276,4
2,277,2:277,-1
2,278,2:278,12
2,279,2:279,-1
2,280,2:280,-1
2,281,2:281,44
2,282,2:282,4
2,283,2:283,-1
2,284,2:284,26
2,285,2:285,-1
2,286,2:286,21
3,1,3:1,56
3,2,3:2,24
3,3,3:3,1
3,4,3:4,1
3,5,3:5,45
3,6,3:6,-1
3,7,3:7,1
3,8,3:8,16
3,9,3:9,86
3,10,3:10,4
3,11,3:11,5
3,12,3:12,38
3,13,3:13,-1
3,14,3:14,-1
3,15,3:15,0
3,16,3:16,107
3,17,3:17,63
3,18,3:18,24
3,19,3:19,-1
3,20,3:20,0
3,21,3:21,-1
3,22,3:22,107
3,23,3:23,74
3,24,3:24,-1
3,25,3:25,-1
3,26,3:26,0
3,27,3:27,68
3,28,3:28,14
3,29,3:29,27
3,30,3:30,-1
3,31,3:31,0
3,32,3:32,0
3,33,3:33,-1
3,34,3:34,75
3,35,3:35,-1
3,36,3:36,123
3,37,3:37,123
3,38,3:38,-1
3,39,3:39,132
3,40,3:40,64
3,41,3:41,2
3,42,3:42,123
3,43,3:43,-1
3,44,3:44,-1
3,45,3:45,123
3,46,3:46,-1
3,47,3:47,123
3,48,3:48,-1
3,49,3:49,-1
3,50,3:50,1
3,51,3:51,103
3,52,3:52,-1
3,53,3:53,-1
3,54,3:54,114
3,55,3:55,-1
3,56,3:56,25
3,57,3:57,-1
3,58,3:58,1
3,59,3:59,-1
3,60,3:60,-1
3,61,3:61,0
3,62,3:62,24
3,63,3:63,-1
3,64,3:64,0
3,65,3:65,-1
3,66,3:66,-1
3,67,3:67,19
3,68,3:68,19
3,69,3:69,77
3,70,3:70,1
3,71,3:71,-1
3,72,3:72,-1
3,73,3:73,-1
3,74,3:74,-1
3,75,3:75,-1
3,76,3:76,-1
3,77,3:77,47
3,78,3:78,-1
3,79,3:79,-1
3,80,3:80,-1
3,81,3:81,1
3,82,3:82,-1
3,83,3:83,93
3,84,3:84,0
3,85,3:85,-1
3,86,3:86,-1
3,87,3:87,-1
3,88,3:88,25
3,89,3:89,21
3,90,3:90,-1
3,91,3:91,-1
3,92,3:92,4
3,93,3:93,46
3,94,3:94,-1
3,95,3:95,0
3,96,3:96,41
3,97,3:97,41
3,98,3:98,0
3,99,3:99,0
3,100,3:100,-1
3,101,3:101,-1
3,102,3:102,12
3,103,3:103,-1
3,104,3:104,-1
3,105,3:105,-1
3,106,3:106,-1
3,107,3:107,-1
3,108,3:108,1
3,109,3:109,26
3,110,3:110,-1
3,111,3:111,-1
3,112,3:112,5
3,113,3:113,1
3,114,3:114,-1
3,115,3:115,92
3,116,3:116,4
3,117,3:117,-1
3,118,3:118,14
3,119,3:119,-1
3,120,3:120,14
3,121,3:121,28
3,122,3:122,28
3,123,3:123,72
3,124,3:124,-1
3,125,3:125,28
3,126,3:126,72
3,127,3:127,36
3,128,3:128,128
3,129,3:129,21
3,130,3:130,4
3,131,3:131,-1
3,132,3:132,23
3,133,3:133,3
3,134,3:134,63
3,135,3:135,-1
3,136,3:136,-1
3,137,3:137,0
3,138,3:138,1
3,139,3:139,-1
3,140,3:140,63
3,141,3:141,86
3,142,3:142,32
3,143,3:143,28
3,144,3:144,12
3,145,3:145,99
3,146,3:146,14
3,147,3:147,18
3,148,3:148,92
3,149,3:149,-1
3,150,3:150,23
3,151,3:151,133
3,152,3:152,44
3,153,3:153,28
3,154,3:154,27
3,155,3:155,21
3,156,3:156,95
3,157,3:157,99
3,158,3:158,86
3,159,3:159,44
3,160,3:160,23
3,161,3:161,44
3,162,3:162,-1
3,163,3:163,-1
3,164,3:164,-1
3,165,3:165,28
3,166,3:166,28
3,167,3:167,28
3,168,3:168,-1
3,169,3:169,99
3,170,3:170,92
3,171,3:171,92
3,172,3:172,63
3,173,3:173,70
3,174,3:174,92
3,175,3:175,-1
3,176,3:176,95
3,177,3:177,95
3,178,3:178,-1
3,179,3:179,-1
3,180,3:180,-1
3,181,3:181,4
3,182,3:182,-1
3,183,3:183,-1
3,184,3:184,1
3,185,3:185,109
3,186,3:186,-1
3,187,3:187,74
3,188,3:188,76
3,189,3:189,26
3,190,3:190,68
3,191,3:191,-1
3,192,3:192,81
3,193,3:193,-1
3,194,3:194,-1
3,195,3:195,98
3,196,3:196,-1
3,197,3:197,-1
3,198,3:198,3
3,199,3:199,74
3,200,3:200,12
4,1,4:1,-1
4,2,4:2,33
4,3,4:3,9
4,4,4:4,9
4,5,4:5,4
4,6,4:6,33
4,7,4:7,-1
4,8,4:8,33
4,9,4:9,33
4,10,4:10,33
4,11,4:11,-1
4,12,4:12,-1
4,13,4:13,3
4,14,4:14,-1
4,15,4:15,9
4,16,4:16,21
4,17,4:17,21
4,18,4:18,66
4,19,4:19,9
4,20,4:20,9
4,21,4:21,-1
4,22,4:22,9
4,23,4:23,9
4,24,4:24,9
4,25,4:25,9
4,26,4:26,65
4,27,4:27,-1
4,28,4:28,23
4,29,4:29,4
4,30,4:30,-1
4,31,4:31,32
4,32,4:32,4
4,33,4:33,33
4,34,4:34,9
4,35,4:35,0
4,36,4:36,4
4,37,4:37,4
4,38,4:38,4
4,39,4:39,-1
4,40,4:40,-1
4,41,4:41,-1
4,42,4:42,8
4,43,4:43,21
4,44,4:44,-1
4,45,4:45,-1
4,46,4:46,-1
4,47,4:47,1
4,48,4:48,21
4,49,4:49,-1
4,50,4:50,-1
4,51,4:51,-1
4,52,4:52,-1
4,53,4:53,-1
4,54,4:54,-1
4,55,4:55,-1
4,56,4:56,133
4,57,4:57,3
4,58,4:58,28
4,59,4:59,12
4,60,4:60,12
4,61,4:61,-1
4,62,4:62,-1
4,63,4:63,-1
4,64,4:64,-1
4,65,4:65,-1
4,66,4:66,-1
4,67,4:67,-1
4,68,4:68,-1
4,69,4:69,-1
4,70,4:70,-1
4,71,4:71,-1
4,72,4:72,23
4,73,4:73,44
4,74,4:74,14
4,75,4:75,14
4,76,4:76,14
4,77,4:77,14
4,78,4:78,5
4,79,4:79,-1
4,80,4:80,-1
4,81,4:81,47
4,82,4:82,5
4,83,4:83,-1
4,84,4:84,14
4,85,4:85,-1
4,86,4:86,-1
4,87,4:87,24
4,88,4:88,-1
4,89,4:89,14
4,90,4:90,14
4,91,4:91,14
4,92,4:92,-1
4,93,4:93,-1
4,94,4:94,14
4,95,4:95,-1
4,96,4:96,-1
4,97,4:97,-1
4,98,4:98,87
4,99,4:99,21
4,100,4:100,98
4,101,4:101,108
4,102,4:102,-1
4,103,4:103,23
4,104,4:104,23
4,105,4:105,-1
4,106,4:106,44
4,107,4:107,-1
4,108,4:108,45
4,109,4:109,-1
4,110,4:110,21
4,111,4:111,21
4,112,4:112,-1
4,113,4:113,-1
4,114,4:114,-1
4,115,4:115,-1
4,116,4:116,21
4,117,4:117,60
4,118,4:118,-1
4,119,4:119,14
4,120,4:120,91
4,121,4:121,-1
4,122,4:122,3
4,123,4:123,3
4,124,4:124,32
4,125,4:125,19
4,126,4:126,26
4,127,4:127,9
4,128,4:128,9
4,129,4:129,9
4,130,4:130,9
4,131,4:131,26
4,132,4:132,26
4,133,4:133,-1
4,134,4:134,92
4,135,4:135,-1
4,136,4:136,12
4,137,4:137,95
4,138,4:138,-1
4,139,4:139,128
4,140,4:140,-1
4,141,4:141,-1
4,142,4:142,-1
4,143,4:143,-1
4,144,4:144,14
4,145,4:145,-1
4,146,4:146,-1
4,147,4:147,21
4,148,4:148,45
4,149,4:149,21
4,150,4:150,-1
4,151,4:151,38
4,152,4:152,21
4,153,4:153,7
4,154,4:154,18
4,155,4:155,5
4,156,4:156,13
4,157,4:157,-1
4,158,4:158,-1
4,159,4:159,-1
4,160,4:160,46
4,161,4:161,-1
4,162,4:162,-1
4,163,4:163,1
4,164,4:164,-1
4,165,4:165,-1
4,166,4:166,1
4,167,4:167,70
4,168,4:168,-1
4,169,4:169,28
4,170,4:170,26
4,171,4:171,-1
4,172,4:172,-1
4,173,4:173,-1
4,174,4:174,-1
4,175,4:175,-1
4,176,4:176,-1
5,1,5:1,46
5,2,5:2,-1
5,3,5:3,46
5,4,5:4,46
5,5,5:5,9
5,6,5:6,-1
5,7,5:7,27
5,8,5:8,-1
5,9,5:9,-1
5,10,5:10,134
5,11,5:11,-1
5,12,5:12,19
5,13,5:13,5
5,14,5:14,5
5,15,5:15,1
5,16,5:16,-1
5,17,5:17,5
5,18,5:18,21
5,19,5:19,39
5,20,5:20,-1
5,21,5:21,14
5,22,5:22,18
5,23,5:23,52
5,24,5:24,-1
5,25,5:25,7
5,26,5:26,-1
5,27,5:27,124
5,28,5:28,-1
5,29,5:29,-1
5,30,5:30,-1
5,31,5:31,-1
5,32,5:32,-1
5,33,5:33,-1
5,34,5:34,21
5,35,5:35,12
5,36,5:36,-1
5,37,5:37,-1
5,38,5:38,-1
5,39,5:39,21
5,40,5:40,21
5,41,5:41,-1
5,42,5:42,128
5,43,5:43,-1
5,44,5:44,1
5,45,5:45,21
5,46,5:46,-1
5,47,5:47,77
5,48,5:48,-1
5,49,5:49,-1
5,50,5:50,-1
5,51,5:51,80
5,52,5:52,-1
5,53,5:53,-1
5,54,5:54,-1
5,55,5:55,-1
5,56,5:56,80
5,57,5:57,12
5,58,5:58,75
5,59,5:59,0
5,60,5:60,0
5,61,5:61,-1
5,62,5:62,-1
5,63,5:63,5
5,64,5:64,-1
5,65,5:65,73
5,66,5:66,-1
5,67,5:67,-1
5,68,5:68,0
5,69,5:69,120
5,70,5:70,-1
5,71,5:71,5
5,72,5:72,5
5,73,5:73,5
5,74,5:74,21
5,75,5:75,-1
5,76,5:76,0
5,77,5:77,0
5,78,5:78,13
5,79,5:79,13
5,80,5:80,5
5,81,5:81,14
5,82,5:82,128
5,83,5:83,77
5,84,5:84,-1
5,85,5:85,92
5,86,5:86,134
5,87,5:87,-1
5,88,5:88,46
5,89,5:89,47
5,90,5:90,-1
5,91,5:91,-1
5,92,5:92,12
5,93,5:93,46
5,94,5:94,-1
5,95,5:95,-1
5,96,5:96,-1
5,97,5:97,41
5,98,5:98,-1
5,99,5:99,12
5,100,5:100,0
5,101,5:101,-1
5,102,5:102,38
5,103,5:103,74
5,104,5:104,-1
5,105,5:105,-1
5,106,5:106,0
5,107,5:107,47
5,108,5:108,47
5,109,5:109,-1
5,110,5:110,8
5,111,5:111,-1
5,112,5:112,-1
5,113,5:113,-1
5,114,5:114,-1
5,115,5:115,1
5,116,5:116,-1
5,117,5:117,1
5,118,5:118,16
5,119,5:119,32
5,120,5:120,26
6,1,6:1,129
6,2,6:2,15
6,3,6:3,24
6,4,6:4,-1
6,5,6:5,49
6,6,6:6,35
6,7,6:7,30
6,8,6:8,-1
6,9,6:9,-1
6,10,6:10,135
6,11,6:11,0
6,12,6:12,0
6,13,6:13,15
6,14,6:14,0
6,15,6:15,0
6,16,6:16,120
6,17,6:17,-1
6,18,6:18,15
6,19,6:19,0
6,20,6:20,77
6,21,6:21,126
6,22,6:22,80
6,23,6:23,-1
6,24,6:24,-1
6,25,6:25,-1
6,26,6:26,-1
6,27,6:27,-1
6,28,6:28,49
6,29,6:29,11
6,30,6:30,38
6,31,6:31,-1
6,32,6:32,74
6,33,6:33,-1
6,34,6:34,-1
6,35,6:35,-1
6,36,6:36,40
6,37,6:37,101
6,38,6:38,-1
6,39,6:39,95
6,40,6:40,0
6,41,6:41,36
6,42,6:42,-1
6,43,6:43,13
6,44,6:44,13
6,45,6:45,65
6,46,6:46,0
6,47,6:47,0
6,48,6:48,-1
6,49,6:49,25
6,50,6:50,0
6,51,6:51,86
6,52,6:52,-1
6,53,6:53,-1
6,54,6:54,66
6,55,6:55,136
6,56,6:56,0
6,57,6:57,0
6,58,6:58,0
6,59,6:59,-1
6,60,6:60,-1
6,61,6:61,36
6,62,6:62,-1
6,63,6:63,0
6,64,6:64,0
6,65,6:65,0
6,66,6:66,0
6,67,6:67,-1
6,68,6:68,-1
6,69,6:69,28
6,70,6:70,-1
6,71,6:71,0
6,72,6:72,78
6,73,6:73,15
6,74,6:74,19
6,75,6:75,-1
6,76,6:76,-1
6,77,6:77,2
6,78,6:78,64
6,79,6:79,80
6,80,6:80,-1
6,81,6:81,14
6,82,6:82,-1
6,83,6:83,-1
6,84,6:84,79
6,85,6:85,79
6,86,6:86,-1
6,87,6:87,6
6,88,6:88,-1
6,89,6:89,-1
6,90,6:90,-1
6,91,6:91,-1
6,92,6:92,-1
6,93,6:93,126
6,94,6:94,40
6,95,6:95,99
6,96,6:96,-1
6,97,6:97,-1
6,98,6:98,54
6,99,6:99,125
6,100,6:100,-1
6,101,6:101,-1
6,102,6:102,24
6,103,6:103,15
6,104,6:104,-1
6,105,6:105,1
6,106,6:106,0
6,107,6:107,-1
6,108,6:108,-1
6,109,6:109,101
6,110,6:110,40
6,111,6:111,5
6,112,6:112,-1
6,113,6:113,29
6,114,6:114,0
6,115,6:115,77
6,116,6:116,-1
6,117,6:117,78
6,118,6:118,46
6,119,6:119,46
6,120,6:120,-1
6,121,6:121,46
6,122,6:122,11
6,123,6:123,-1
6,124,6:124,101
6,125,6:125,-1
6,126,6:126,36
6,127,6:127,-1
6,128,6:128,-1
6,129,6:129,136
6,130,6:130,111
6,131,6:131,35
6,132,6:132,-1
6,133,6:133,-1
6,134,6:134,72
6,135,6:135,0
6,136,6:136,102
6,137,6:137,102
6,138,6:138,83
6,139,6:139,60
6,140,6:140,-1
6,141,6:141,-1
6,142,6:142,83
6,143,6:143,60
6,144,6:144,-1
6,145,6:145,46
6,146,6:146,46
6,147,6:147,-1
6,148,6:148,0
6,149,6:149,0
6,150,6:150,0
6,151,6:151,0
6,152,6:152,33
6,153,6:153,36
6,154,6:154,7
6,155,6:155,1
6,156,6:156,67
6,157,6:157,-1
6,158,6:158,42
6,159,6:159,-1
6,160,6:160,-1
6,161,6:161,0
6,162,6:162,0
6,163,6:163,-1
6,164,6:164,0
6,165,6:165,-1
7,1,7:1,56
7,2,7:2,27
7,3,7:3,-1
7,4,7:4,35
7,5,7:5,18
7,6,7:6,67
7,7,7:7,-1
7,8,7:8,-1
7,9,7:9,-1
7,10,7:10,-1
7,11,7:11,61
7,12,7:12,-1
7,13,7:13,90
7,14,7:14,-1
7,15,7:15,-1
7,16,7:16,91
7,17,7:17,-1
7,18,7:18,-1
7,19,7:19,61
7,20,7:20,61
7,21,7:21,-1
7,22,7:22,61
7,23,7:23,18
7,24,7:24,-1
7,25,7:25,2
7,26,7:26,27
7,27,7:27,61
7,28,7:28,5
7,29,7:29,0
7,30,7:30,-1
7,31,7:31,46
7,32,7:32,-1
7,33,7:33,0
7,34,7:34,42
7,35,7:35,-1
7,36,7:36,81
7,37,7:37,126
7,38,7:38,-1
7,39,7:39,-1
7,40,7:40,-1
7,41,7:41,58
7,42,7:42,-1
7,43,7:43,-1
7,44,7:44,-1
7,45,7:45,70
7,46,7:46,3
7,47,7:47,81
7,48,7:48,-1
7,49,7:49,-1
7,50,7:50,81
7,51,7:51,-1
7,52,7:52,-1
7,53,7:53,42
7,54,7:54,100
7,55,7:55,0
7,56,7:56,-1
7,57,7:57,17
7,58,7:58,-1
7,59,7:59,19
7,60,7:60,53
7,61,7:61,57
7,62,7:62,-1
7,63,7:63,-1
7,64,7:64,6
7,65,7:65,19
7,66,7:66,-1
7,67,7:67,2
7,68,7:68,-1
7,69,7:69,-1
7,70,7:70,110
7,71,7:71,19
7,72,7:72,6
7,73,7:73,83
7,74,7:74,41
7,75,7:75,19
7,76,7:76,53
7,77,7:77,-1
7,78,7:78,-1
7,79,7:79,2
7,80,7:80,84
7,81,7:81,87
7,82,7:82,-1
7,83,7:83,6
7,84,7:84,17
7,85,7:85,19
7,86,7:86,-1
7,87,7:87,-1
7,88,7:88,-1
7,89,7:89,-1
7,90,7:90,-1
7,91,7:91,-1
7,92,7:92,-1
7,93,7:93,2
7,94,7:94,73
7,95,7:95,-1
7,96,7:96,73
7,97,7:97,35
7,98,7:98,35
7,99,7:99,121
7,100,7:100,-1
7,101,7:101,73
7,102,7:102,-1
7,103,7:103,10
7,104,7:104,10
7,105,7:105,-1
7,106,7:106,10
7,107,7:107,-1
7,108,7:108,-1
7,109,7:109,10
7,110,7:110,-1
7,111,7:111,-1
7,112,7:112,30
7,113,7:113,10
7,114,7:114,2
7,115,7:115,30
7,116,7:116,30
7,117,7:117,30
7,118,7:118,-1
7,119,7:119,10
7,120,7:120,-1
7,121,7:121,18
7,122,7:122,7
7,123,7:123,10
7,124,7:124,-1
7,125,7:125,-1
7,126,7:126,-1
7,127,7:127,10
7,128,7:128,113
7,129,7:129,18
7,130,7:130,10
7,131,7:131,121
7,132,7:132,-1
7,133,7:133,-1
7,134,7:134,7
7,135,7:135,13
7,136,7:136,6
7,137,7:137,-1
7,138,7:138,-1
7,139,7:139,107
7,140,7:140,64
7,141,7:141,-1
7,142,7:142,7
7,143,7:143,7
7,144,7:144,-1
7,145,7:145,-1
7,146,7:146,134
7,147,7:147,25
7,148,7:148,7
7,149,7:149,13
7,150,7:150,7
7,151,7:151,7
7,152,7:152,7
7,153,7:153,66
7,154,7:154,7
7,155,7:155,7
7,156,7:156,21
7,157,7:157,63
7,158,7:158,0
7,159,7:159,7
7,160,7:160,18
7,161,7:161,41
7,162,7:162,13
7,163,7:163,18
7,164,7:164,-1
7,165,7:165,13
7,166,7:166,18
7,167,7:167,-1
7,168,7:168,53
7,169,7:169,74
7,170,7:170,89
7,171,7:171,-1
7,172,7:172,-1
7,173,7:173,0
7,174,7:174,-1
7,175,7:175,101
7,176,7:176,-1
7,177,7:177,134
7,178,7:178,52
7,179,7:179,111
7,180,7:180,-1
7,181,7:181,117
7,182,7:182,134
7,183,7:183,114
7,184,7:184,-1
7,185,7:185,75
7,186,7:186,52
7,187,7:187,138
7,188,7:188,0
7,189,7:189,-1
7,190,7:190,60
7,191,7:191,-1
7,192,7:192,23
7,193,7:193,-1
7,194,7:194,102
7,195,7:195,80
7,196,7:196,23
7,197,7:197,23
7,198,7:198,108
7,199,7:199,0
7,200,7:200,28
7,201,7:201,28
7,202,7:202,91
7,203,7:203,1
7,204,7:204,-1
7,205,7:205,-1
7,206,7:206,90
8,1,8:1,-1
8,2,8:2,-1
8,3,8:3,4
8,4,8:4,63
8,5,8:5,-1
8,6,8:6,49
8,7,8:7,80
8,8,8:8,36
8,9,8:9,-1
8,10,8:10,72
8,11,8:11,17
8,12,8:12,-1
8,13,8:13,5
8,14,8:14,-1
8,15,8:15,108
8,16,8:16,-1
8,17,8:17,28
8,18,8:18,-1
8,19,8:19,14
8,20,8:20,12
8,21,8:21,-1
8,22,8:22,-1
8,23,8:23,73
8,24,8:24,23
8,25,8:25,44
8,26,8:26,-1
8,27,8:27,-1
8,28,8:28,4
8,29,8:29,44
8,30,8:30,14
8,31,8:31,-1
8,32,8:32,-1
8,33,8:33,21
8,34,8:34,41
8,35,8:35,5
8,36,8:36,4
8,37,8:37,65
8,38,8:38,-1
8,39,8:39,14
8,40,8:40,-1
8,41,8:41,98
8,42,8:42,-1
8,43,8:43,27
8,44,8:44,-1
8,45,8:45,14
8,46,8:46,23
8,47,8:47,80
8,48,8:48,-1
8,49,8:49,-1
8,50,8:50,-1
8,51,8:51,44
8,52,8:52,5
8,53,8:53,28
8,54,8:54,-1
8,55,8:55,95
8,56,8:56,14
8,57,8:57,-1
8,58,8:58,-1
8,59,8:59,28
8,60,8:60,14
8,61,8:61,28
8,62,8:62,-1
8,63,8:63,-1
8,64,8:64,-1
8,65,8:65,14
8,66,8:66,23
8,67,8:67,14
8,68,8:68,-1
8,69,8:69,46
8,70,8:70,-1
8,71,8:71,-1
8,72,8:72,14
8,73,8:73,38
8,74,8:74,98
8,75,8:75,98
9,1,9:1,102
9,2,9:2,9
9,3,9:3,-1
9,4,9:4,102
9,5,9:5,102
9,6,9:6,102
9,7,9:7,102
9,8,9:8,-1
9,9,9:9,5
9,10,9:10,-1
9,11,9:11,-1
9,12,9:12,47
9,13,9:13,14
9,14,9:14,-1
9,15,9:15,-1
9,16,9:16,-1
9,17,9:17,102
9,18,9:18,41
9,19,9:19,41
9,20,9:20,32
9,21,9:21,92
9,22,9:22,-1
9,23,9:23,14
9,24,9:24,0
9,25,9:25,72
9,26,9:26,5
9,27,9:27,21
9,28,9:28,102
9,29,9:29,14
9,30,9:30,-1
9,31,9:31,93
9,32,9:32,5
9,33,9:33,24
9,34,9:34,4
9,35,9:35,-1
9,36,9:36,9
9,37,9:37,9
9,38,9:38,-1
9,39,9:39,12
9,40,9:40,-1
9,41,9:41,4
9,42,9:42,-1
9,43,9:43,-1
9,44,9:44,4
9,45,9:45,-1
9,46,9:46,73
9,47,9:47,-1
9,48,9:48,5
9,49,9:49,25
9,50,9:50,16
9,51,9:51,0
9,52,9:52,0
9,53,9:53,0
9,54,9:54,4
9,55,9:55,4
9,56,9:56,5
9,57,9:57,-1
9,58,9:58,33
9,59,9:59,73
9,60,9:60,4
9,61,9:61,-1
9,62,9:62,5
9,63,9:63,5
9,64,9:64,-1
9,65,9:65,0
9,66,9:66,-1
9,67,9:67,-1
9,68,9:68,-1
9,69,9:69,-1
9,70,9:70,121
9,71,9:71,9
9,72,9:72,3
9,73,9:73,133
9,74,9:74,5
9,75,9:75,-1
9,76,9:76,13
9,77,9:77,5
9,78,9:78,-1
9,79,9:79,4
9,80,9:80,-1
9,81,9:81,130
9,82,9:82,-1
9,83,9:83,14
9,84,9:84,-1
9,85,9:85,4
9,86,9:86,-1
9,87,9:87,-1
9,88,9:88,-1
9,89,9:89,-1
9,90,9:90,-1
9,91,9:91,-1
9,92,9:92,-1
9,93,9:93,4
9,94,9:94,-1
9,95,9:95,-1
9,96,9:96,47
9,97,9:97,128
9,98,9:98,4
9,99,9:99,-1
9,100,9:100,32
9,101,9:101,128
9,102,9:102,21
9,103,9:103,4
9,104,9:104,21
9,105,9:105,-1
9,106,9:106,52
9,107,9:107,41
9,108,9:108,41
9,109,9:109,52
9,110,9:110,41
9,111,9:111,-1
9,112,9:112,63
9,113,9:113,102
9,114,9:114,19
9,115,9:115,52
9,116,9:116,113
9,117,9:117,21
9,118,9:118,21
9,119,9:119,12
9,120,9:120,-1
9,121,9:121,4
9,122,9:122,53
9,123,9:123,14
9,124,9:124,-1
9,125,9:125,-1
9,126,9:126,21
9,127,9:127,5
9,128,9:128,16
9,129,9:129,-1
10,1,10:1,1
10,2,10:2,-1
10,3,10:3,100
10,4,10:4,-1
10,5,10:5,68
10,6,10:6,68
10,7,10:7,134
10,8,10:8,-1
10,9,10:9,36
10,10,10:10,-1
10,11,10:11,-1
10,12,10:12,16
10,13,10:13,-1
10,14,10:14,6
10,15,10:15,1
10,16,10:16,0
10,17,10:17,126
10,18,10:18,93
10,19,10:19,53
10,20,10:20,101
10,21,10:21,95
10,22,10:22,-1
10,23,10:23,-1
10,24,10:24,-1
10,25,10:25,-1
10,26,10:26,32
10,27,10:27,-1
10,28,10:28,-1
10,29,10:29,1
10,30,10:30,8
10,31,10:31,0
10,32,10:32,-1
10,33,10:33,-1
10,34,10:34,0
10,35,10:35,0
10,36,10:36,5
10,37,10:37,1
10,38,10:38,-1
10,39,10:39,49
10,40,10:40,-1
10,41,10:41,-1
10,42,10:42,-1
10,43,10:43,108
10,44,10:44,126
10,45,10:45,-1
10,46,10:46,-1
10,47,10:47,-1
10,48,10:48,-1
10,49,10:49,0
10,50,10:50,0
10,51,10:51,42
10,52,10:52,-1
10,53,10:53,-1
10,54,10:54,-1
10,55,10:55,26
10,56,10:56,-1
10,57,10:57,27
10,58,10:58,0
10,59,10:59,0
10,60,10:60,70
10,61,10:61,-1
10,62,10:62,120
10,63,10:63,5
10,64,10:64,-1
10,65,10:65,128
10,66,10:66,80
10,67,10:67,68
10,68,10:68,60
10,69,10:69,0
10,70,10:70,76
10,71,10:71,124
10,72,10:72,-1
10,73,10:73,6
10,74,10:74,88
10,75,10:75,10
10,76,10:76,30
10,77,10:77,30
10,78,10:78,18
10,79,10:79,10
10,80,10:80,30
10,81,10:81,30
10,82,10:82,-1
10,83,10:83,10
10,84,10:84,19
10,85,10:85,-1
10,86,10:86,-1
10,87,10:87,41
10,88,10:88,10
10,89,10:89,12
10,90,10:90,10
10,91,10:91,-1
10,92,10:92,-1
10,93,10:93,-1
10,94,10:94,1
10,95,10:95,80
10,96,10:96,-1
10,97,10:97,-1
10,98,10:98,-1
10,99,10:99,-1
10,100,10:100,-1
10,101,10:101,0
10,102,10:102,42
10,103,10:103,-1
10,104,10:104,0
10,105,10:105,80
10,106,10:106,-1
10,107,10:107,44
10,108,10:108,0
10,109,10:109,-1
11,1,11:1,1
11,2,11:2,39
11,3,11:3,-1
11,4,11:4,-1
11,5,11:5,27
11,6,11:6,26
11,7,11:7,11
11,8,11:8,-1
11,9,11:9,16
11,10,11:10,16
11,11,11:11,-1
11,12,11:12,27
11,13,11:13,-1
11,14,11:14,-1
11,15,11:15,-1
11,16,11:16,107
11,17,11:17,1
11,18,11:18,126
11,19,11:19,70
11,20,11:20,-1
11,21,11:21,-1
11,22,11:22,-1
11,23,11:23,32
11,24,11:24,108
11,25,11:25,39
11,26,11:26,-1
11,27,11:27,53
11,28,11:28,2
11,29,11:29,4
11,30,11:30,86
11,31,11:31,45
11,32,11:32,-1
11,33,11:33,64
11,34,11:34,12
11,35,11:35,-1
11,36,11:36,57
11,37,11:37,6
11,38,11:38,135
11,39,11:39,25
11,40,11:40,-1
11,41,11:41,57
11,42,11:42,57
11,43,11:43,57
11,44,11:44,6
11,45,11:45,57
11,46,11:46,57
11,47,11:47,57
11,48,11:48,57
11,49,11:49,86
11,50,11:50,19
11,51,11:51,-1
11,52,11:52,-1
11,53,11:53,-1
11,54,11:54,19
11,55,11:55,44
11,56,11:56,-1
11,57,11:57,36
11,58,11:58,6
11,59,11:59,94
11,60,11:60,94
11,61,11:61,19
11,62,11:62,110
11,63,11:63,64
11,64,11:64,83
11,65,11:65,43
11,66,11:66,-1
11,67,11:67,-1
11,68,11:68,94
11,69,11:69,137
11,70,11:70,-1
11,71,11:71,79
11,72,11:72,43
11,73,11:73,110
11,74,11:74,84
11,75,11:75,19
11,76,11:76,-1
11,77,11:77,84
11,78,11:78,-1
11,79,11:79,-1
11,80,11:80,2
11,81,11:81,-1
11,82,11:82,17
11,83,11:83,-1
11,84,11:84,19
11,85,11:85,127
11,86,11:86,12
11,87,11:87,110
11,88,11:88,64
11,89,11:89,84
11,90,11:90,66
11,91,11:91,110
11,92,11:92,64
11,93,11:93,-1
11,94,11:94,-1
11,95,11:95,94
11,96,11:96,7
11,97,11:97,10
11,98,11:98,-1
11,99,11:99,13
11,100,11:100,125
11,101,11:101,121
11,102,11:102,122
11,103,11:103,109
11,104,11:104,42
11,105,11:105,8
11,106,11:106,69
11,107,11:107,-1
11,108,11:108,32
11,109,11:109,102
11,110,11:110,-1
11,111,11:111,-1
11,112,11:112,12
11,113,11:113,-1
11,114,11:114,-1
11,115,11:115,72
11,116,11:116,-1
11,117,11:117,35
11,118,11:118,53
11,119,11:119,111
11,120,11:120,67
11,121,11:121,0
11,122,11:122,42
11,123,11:123,26
12,1,12:1,1
12,2,12:2,1
12,3,12:3,1
12,4,12:4,37
12,5,12:5,-1
12,6,12:6,132
12,7,12:7,54
12,8,12:8,37
12,9,12:9,37
12,10,12:10,37
12,11,12:11,37
12,12,12:12,-1
12,13,12:13,132
12,14,12:14,18
12,15,12:15,-1
12,16,12:16,-1
12,17,12:17,37
12,18,12:18,-1
12,19,12:19,-1
12,20,12:20,73
12,21,12:21,37
12,22,12:22,37
12,23,12:23,43
12,24,12:24,43
12,25,12:25,43
12,26,12:26,37
12,27,12:27,43
12,28,12:28,43
12,29,12:29,37
12,30,12:30,43
12,31,12:31,37
12,32,12:32,43
12,33,12:33,2
12,34,12:34,-1
12,35,12:35,13
12,36,12:36,-1
12,37,12:37,64
12,38,12:38,19
12,39,12:39,-1
12,40,12:40,93
12,41,12:41,76
12,42,12:42,37
12,43,12:43,37
12,44,12:44,67
12,45,12:45,-1
12,46,12:46,37
12,47,12:47,20
12,48,12:48,109
12,49,12:49,125
12,50,12:50,37
12,51,12:51,37
12,52,12:52,-1
12,53,12:53,122
12,54,12:54,-1
12,55,12:55,37
12,56,12:56,37
12,57,12:57,-1
12,58,12:58,37
12,59,12:59,-1
12,60,12:60,36
12,61,12:61,-1
12,62,12:62,37
12,63,12:63,-1
12,64,12:64,64
12,65,12:65,-1
12,66,12:66,132
12,67,12:67,-1
12,68,12:68,132
12,69,12:69,37
12,70,12:70,-1
12,71,12:71,-1
12,72,12:72,-1
12,73,12:73,110
12,74,12:74,49
12,75,12:75,59
12,76,12:76,37
12,77,12:77,37
12,78,12:78,-1
12,79,12:79,64
12,80,12:80,37
12,81,12:81,0
12,82,12:82,-1
12,83,12:83,-1
12,84,12:84,37
12,85,12:85,37
12,86,12:86,64
12,87,12:87,37
12,88,12:88,37
12,89,12:89,37
12,90,12:90,37
12,91,12:91,110
12,92,12:92,64
12,93,12:93,-1
12,94,12:94,37
12,95,12:95,110
12,96,12:96,-1
12,97,12:97,18
12,98,12:98,66
12,99,12:99,37
12,100,12:100,2
12,101,12:101,12
12,102,12:102,-1
12,103,12:103,32
12,104,12:104,-1
12,105,12:105,54
12,106,12:106,5
12,107,12:107,75
12,108,12:108,0
12,109,12:109,74
12,110,12:110,-1
12,111,12:111,1
13,1,13:1,1
13,2,13:2,-1
13,3,13:3,54
13,4,13:4,20
13,5,13:5,-1
13,6,13:6,122
13,7,13:7,101
13,8,13:8,27
13,9,13:9,15
13,10,13:10,45
13,11,13:11,23
13,12,13:12,17
13,13,13:13,-1
13,14,13:14,-1
13,15,13:15,104
13,16,13:16,0
13,17,13:17,-1
13,18,13:18,-1
13,19,13:19,-1
13,20,13:20,63
13,21,13:21,28
13,22,13:22,3
13,23,13:23,3
13,24,13:24,3
13,25,13:25,-1
13,26,13:26,-1
13,27,13:27,101
13,28,13:28,63
13,29,13:29,-1
13,30,13:30,-1
13,31,13:31,1
13,32,13:32,135
13,33,13:33,52
13,34,13:34,-1
13,35,13:35,3
13,36,13:36,-1
13,37,13:37,12
13,38,13:38,-1
13,39,13:39,1
13,40,13:40,-1
13,41,13:41,-1
13,42,13:42,121
13,43,13:43,1
14,1,14:1,1
14,2,14:2,24
14,3,14:3,70
14,4,14:4,-1
14,5,14:5,-1
14,6,14:6,7
14,7,14:7,-1
14,8,14:8,19
14,9,14:9,121
14,10,14:10,-1
14,11,14:11,-1
14,12,14:12,-1
14,13,14:13,88
14,14,14:14,-1
14,15,14:15,73
14,16,14:16,71
14,17,14:17,-1
14,18,14:18,-1
14,19,14:19,100
14,20,14:20,28
14,21,14:21,-1
14,22,14:22,-1
14,23,14:23,3
14,24,14:24,-1
14,25,14:25,-1
14,26,14:26,-1
14,27,14:27,52
14,28,14:28,73
14,29,14:29,69
14,30,14:30,-1
14,31,14:31,-1
14,32,14:32,-1
14,33,14:33,-1
14,34,14:34,34
14,35,14:35,41
14,36,14:36,-1
14,37,14:37,3
14,38,14:38,45
14,39,14:39,-1
14,40,14:40,-1
14,41,14:41,66
14,42,14:42,-1
14,43,14:43,-1
14,44,14:44,-1
14,45,14:45,13
14,46,14:46,-1
14,47,14:47,72
14,48,14:48,8
14,49,14:49,-1
14,50,14:50,69
14,51,14:51,65
14,52,14:52,1
15,1,15:1,1
15,2,15:2,-1
15,3,15:3,-1
15,4,15:4,35
15,5,15:5,42
15,6,15:6,-1
15,7,15:7,-1
15,8,15:8,-1
15,9,15:9,1
15,10,15:10,-1
15,11,15:11,-1
15,12,15:12,136
15,13,15:13,40
15,14,15:14,-1
15,15,15:15,30
15,16,15:16,-1
15,17,15:17,-1
15,18,15:18,-1
15,19,15:19,17
15,20,15:20,-1
15,21,15:21,-1
15,22,15:22,17
15,23,15:23,11
15,24,15:24,6
15,25,15:25,-1
15,26,15:26,31
15,27,15:27,111
15,28,15:28,31
15,29,15:29,31
15,30,15:30,-1
15,31,15:31,61
15,32,15:32,90
15,33,15:33,-1
15,34,15:34,-1
15,35,15:35,25
15,36,15:36,2
15,37,15:37,-1
15,38,15:38,85
15,39,15:39,61
15,40,15:40,-1
15,41,15:41,36
15,42,15:42,-1
15,43,15:43,-1
15,44,15:44,-1
15,45,15:45,3
15,46,15:46,-1
15,47,15:47,-1
15,48,15:48,-1
15,49,15:49,44
15,50,15:50,-1
15,51,15:51,124
15,52,15:52,137
15,53,15:53,2
15,54,15:54,2
15,55,15:55,-1
15,56,15:56,2
15,57,15:57,137
15,58,15:58,18
15,59,15:59,84
15,60,15:60,6
15,61,15:61,84
15,62,15:62,2
15,63,15:63,49
15,64,15:64,-1
15,65,15:65,36
15,66,15:66,-1
15,67,15:67,-1
15,68,15:68,84
15,69,15:69,23
15,70,15:70,18
15,71,15:71,84
15,72,15:72,-1
15,73,15:73,-1
15,74,15:74,17
15,75,15:75,-1
15,76,15:76,17
15,77,15:77,13
15,78,15:78,55
15,79,15:79,35
15,80,15:80,55
15,81,15:81,-1
15,82,15:82,-1
15,83,15:83,-1
15,84,15:84,13
15,85,15:85,-1
15,86,15:86,-1
15,87,15:87,1
15,88,15:88,-1
15,89,15:89,39
15,90,15:90,67
15,91,15:91,1
15,92,15:92,-1
15,93,15:93,-1
15,94,15:94,-1
15,95,15:95,-1
15,96,15:96,-1
15,97,15:97,27
15,98,15:98,90
15,99,15:99,23
16,1,16:1,-1
16,2,16:2,36
16,3,16:3,-1
16,4,16:4,31
16,5,16:5,-1
16,6,16:6,3
16,7,16:7,51
16,8,16:8,-1
16,9,16:9,-1
16,10,16:10,17
16,11,16:11,125
16,12,16:12,68
16,13,16:13,54
16,14,16:14,6
16,15,16:15,17
16,16,16:16,-1
16,17,16:17,-1
16,18,16:18,34
16,19,16:19,45
16,20,16:20,-1
16,21,16:21,11
16,22,16:22,24
16,23,16:23,45
16,24,16:24,-1
16,25,16:25,65
16,26,16:26,121
16,27,16:27,-1
16,28,16:28,-1
16,29,16:29,-1
16,30,16:30,-1
16,31,16:31,3
16,32,16:32,-1
16,33,16:33,-1
16,34,16:34,-1
16,35,16:35,12
16,36,16:36,88
16,37,16:37,52
16,38,16:38,-1
16,39,16:39,29
16,40,16:40,-1
16,41,16:41,98
16,42,16:42,63
16,43,16:43,67
16,44,16:44,67
16,45,16:45,75
16,46,16:46,36
16,47,16:47,-1
16,48,16:48,75
16,49,16:49,90
16,50,16:50,-1
16,51,16:51,-1
16,52,16:52,26
16,53,16:53,23
16,54,16:54,78
16,55,16:55,-1
16,56,16:56,-1
16,57,16:57,60
16,58,16:58,-1
16,59,16:59,45
16,60,16:60,26
16,61,16:61,-1
16,62,16:62,5
16,63,16:63,-1
16,64,16:64,1
16,65,16:65,131
16,66,16:66,-1
16,67,16:67,20
16,68,16:68,3
16,69,16:69,20
16,70,16:70,-1
16,71,16:71,-1
16,72,16:72,5
16,73,16:73,93
16,74,16:74,24
16,75,16:75,-1
16,76,16:76,52
16,77,16:77,-1
16,78,16:78,-1
16,79,16:79,101
16,80,16:80,-1
16,81,16:81,-1
16,82,16:82,12
16,83,16:83,5
16,84,16:84,-1
16,85,16:85,25
16,86,16:86,80
16,87,16:87,-1
16,88,16:88,70
16,89,16:89,1
16,90,16:90,-1
16,91,16:91,47
16,92,16:92,47
16,93,16:93,-1
16,94,16:94,47
16,95,16:95,47
16,96,16:96,-1
16,97,16:97,32
16,98,16:98,1
16,99,16:99,36
16,100,16:100,26
16,101,16:101,-1
16,102,16:102,0
16,103,16:103,1
16,104,16:104,95
16,105,16:105,-1
16,106,16:106,27
16,107,16:107,5
16,108,16:108,-1
16,109,16:109,-1
16,110,16:110,98
16,111,16:111,8
16,112,16:112,-1
16,113,16:113,13
16,114,16:114,46
16,115,16:115,46
16,116,16:116,-1
16,117,16:117,-1
16,118,16:118,46
16,119,16:119,66
16,120,16:120,19
16,121,16:121,115
16,122,16:122,-1
16,123,16:123,19
16,124,16:124,18
16,125,16:125,0
16,126,16:126,122
16,127,16:127,-1
16,128,16:128,-1
17,1,17:1,41
17,2,17:2,7
17,3,17:3,57
17,4,17:4,-1
17,5,17:5,-1
17,6,17:6,6
17,7,17:7,-1
17,8,17:8,-1
17,9,17:9,1
17,10,17:10,25
17,11,17:11,16
17,12,17:12,68
17,13,17:13,-1
17,14,17:14,59
17,15,17:15,78
17,16,17:16,35
17,17,17:17,35
17,18,17:18,-1
17,19,17:19,32
17,20,17:20,-1
17,21,17:21,-1
17,22,17:22,-1
17,23,17:23,-1
17,24,17:24,-1
17,25,17:25,-1
17,26,17:26,33
17,27,17:27,4
17,28,17:28,16
17,29,17:29,-1
17,30,17:30,-1
17,31,17:31,33
17,32,17:32,9
17,33,17:33,99
17,34,17:34,89
17,35,17:35,127
17,36,17:36,-1
17,37,17:37,-1
17,38,17:38,87
17,39,17:39,-1
17,40,17:40,60
17,41,17:41,1
17,42,17:42,0
17,43,17:43,15
17,44,17:44,26
17,45,17:45,1
17,46,17:46,5
17,47,17:47,30
17,48,17:48,-1
17,49,17:49,11
17,50,17:50,0
17,51,17:51,27
17,52,17:52,-1
17,53,17:53,91
17,54,17:54,12
17,55,17:55,115
17,56,17:56,0
17,57,17:57,78
17,58,17:58,35
17,59,17:59,-1
17,60,17:60,-1
17,61,17:61,61
17,62,17:62,61
17,63,17:63,-1
17,64,17:64,91
17,65,17:65,36
17,66,17:66,6
17,67,17:67,16
17,68,17:68,78
17,69,17:69,78
17,70,17:70,6
17,71,17:71,-1
17,72,17:72,108
17,73,17:73,-1
17,74,17:74,-1
17,75,17:75,-1
17,76,17:76,-1
17,77,17:77,67
17,78,17:78,23
17,79,17:79,104
17,80,17:80,124
17,81,17:81,0
17,82,17:82,1
17,83,17:83,-1
17,84,17:84,0
17,85,17:85,-1
17,86,17:86,88
17,87,17:87,16
17,88,17:88,0
17,89,17:89,1
17,90,17:90,-1
17,91,17:91,20
17,92,17:92,48
17,93,17:93,36
17,94,17:94,-1
17,95,17:95,0
17,96,17:96,0
17,97,17:97,52
17,98,17:98,11
17,99,17:99,5
17,100,17:100,4
17,101,17:101,30
17,102,17:102,-1
17,103,17:103,6
17,104,17:104,-1
17,105,17:105,1
17,106,17:106,1
17,107,17:107,0
17,108,17:108,-1
17,109,17:109,-1
17,110,17:110,0
17,111,17:111,124
18,1,18:1,129
18,2,18:2,36
18,3,18:3,-1
18,4,18:4,-1
18,5,18:5,11
18,6,18:6,-1
18,7,18:7,48
18,8,18:8,-1
18,9,18:9,54
18,10,18:10,-1
18,11,18:11,-1
18,12,18:12,-1
18,13,18:13,1
18,14,18:14,18
18,15,18:15,93
18,16,18:16,-1
18,17,18:17,-1
18,18,18:18,88
18,19,18:19,-1
18,20,18:20,95
18,21,18:21,41
18,22,18:22,-1
18,23,18:23,-1
18,24,18:24,12
18,25,18:25,-1
18,26,18:26,0
18,27,18:27,12
18,28,18:28,78
18,29,18:29,81
18,30,18:30,32
18,31,18:31,3
18,32,18:32,20
18,33,18:33,20
18,34,18:34,-1
18,35,18:35,-1
18,36,18:36,-1
18,37,18:37,-1
18,38,18:38,-1
18,39,18:39,-1
18,40,18:40,-1
18,41,18:41,-1
18,42,18:42,-1
18,43,18:43,-1
18,44,18:44,26
18,45,18:45,-1
18,46,18:46,-1
18,47,18:47,-1
18,48,18:48,40
18,49,18:49,-1
18,50,18:50,61
18,51,18:51,-1
18,52,18:52,-1
18,53,18:53,58
18,54,18:54,1
18,55,18:55,-1
18,56,18:56,-1
18,57,18:57,-1
18,58,18:58,-1
18,59,18:59,35
18,60,18:60,-1
18,61,18:61,6
18,62,18:62,-1
18,63,18:63,2
18,64,18:64,-1
18,65,18:65,-1
18,66,18:66,7
18,67,18:67,-1
18,68,18:68,-1
18,69,18:69,-1
18,70,18:70,2
18,71,18:71,6
18,72,18:72,-1
18,73,18:73,7
18,74,18:74,-1
18,75,18:75,-1
18,76,18:76,7
18,77,18:77,-1
18,78,18:78,-1
18,79,18:79,6
18,80,18:80,-1
18,81,18:81,-1
18,82,18:82,-1
18,83,18:83,-1
18,84,18:84,97
18,85,18:85,2
18,86,18:86,-1
18,87,18:87,-1
18,88,18:88,32
18,89,18:89,2
18,90,18:90,-1
18,91,18:91,-1
18,92,18:92,2
18,93,18:93,17
18,94,18:94,110
18,95,18:95,2
18,96,18:96,17
18,97,18:97,94
18,98,18:98,120
18,99,18:99,8
18,100,18:100,-1
18,101,18:101,-1
18,102,18:102,-1
18,103,18:103,-1
18,104,18:104,107
18,105,18:105,107
18,106,18:106,49
18,107,18:107,3
18,108,18:108,-1
18,109,18:109,0
18,110,18:110,0
19,1,19:1,56
19,2,19:2,51
19,3,19:3,2
19,4,19:4,2
19,5,19:5,132
19,6,19:6,132
19,7,19:7,132
19,8,19:8,43
19,9,19:9,-1
19,10,19:10,2
19,11,19:11,-1
19,12,19:12,1
19,13,19:13,115
19,14,19:14,-1
19,15,19:15,118
19,16,19:16,123
19,17,19:17,43
19,18,19:18,-1
19,19,19:19,2
19,20,19:20,43
19,21,19:21,2
19,22,19:22,43
19,23,19:23,43
19,24,19:24,-1
19,25,19:25,20
19,26,19:26,-1
19,27,19:27,123
19,28,19:28,7
19,29,19:29,43
19,30,19:30,-1
19,31,19:31,-1
19,32,19:32,2
19,33,19:33,118
19,34,19:34,-1
19,35,19:35,60
19,36,19:36,-1
19,37,19:37,53
19,38,19:38,-1
19,39,19:39,-1
19,40,19:40,11
19,41,19:41,-1
19,42,19:42,2
19,43,19:43,-1
19,44,19:44,91
19,45,19:45,25
19,46,19:46,-1
19,47,19:47,137
19,48,19:48,-1
19,49,19:49,79
19,50,19:50,6
19,51,19:51,79
19,52,19:52,2
19,53,19:53,79
19,54,19:54,79
19,55,19:55,-1
19,56,19:56,79
19,57,19:57,17
19,58,19:58,57
19,59,19:59,-1
19,60,19:60,-1
19,61,19:61,3
19,62,19:62,-1
19,63,19:63,3
19,64,19:64,48
19,65,19:65,15
19,66,19:66,11
19,67,19:67,116
19,68,19:68,-1
19,69,19:69,-1
19,70,19:70,81
19,71,19:71,-1
19,72,19:72,-1
19,73,19:73,-1
19,74,19:74,35
19,75,19:75,0
19,76,19:76,-1
19,77,19:77,4
19,78,19:78,-1
19,79,19:79,71
19,80,19:80,11
19,81,19:81,93
19,82,19:82,-1
19,83,19:83,91
19,84,19:84,42
19,85,19:85,8
19,86,19:86,-1
19,87,19:87,16
19,88,19:88,-1
19,89,19:89,-1
19,90,19:90,50
19,91,19:91,-1
19,92,19:92,60
19,93,19:93,15
19,94,19:94,-1
19,95,19:95,-1
19,96,19:96,32
19,97,19:97,1
19,98,19:98,35
20,1,20:1,56
20,2,20:2,1
20,3,20:3,86
20,4,20:4,15
20,5,20:5,-1
20,6,20:6,15
20,7,20:7,45
20,8,20:8,24
20,9,20:9,7
20,10,20:10,2
20,11,20:11,7
20,12,20:12,-1
20,13,20:13,-1
20,14,20:14,24
20,15,20:15,-1
20,16,20:16,-1
20,17,20:17,-1
20,18,20:18,-1
20,19,20:19,-1
20,20,20:20,-1
20,21,20:21,-1
20,22,20:22,-1
20,23,20:23,62
20,24,20:24,10
20,25,20:25,27
20,26,20:26,29
20,27,20:27,-1
20,28,20:28,29
20,29,20:29,124
20,30,20:30,7
20,31,20:31,-1
20,32,20:32,118
20,33,20:33,105
20,34,20:34,29
20,35,20:35,62
20,36,20:36,-1
20,37,20:37,16
20,38,20:38,-1
20,39,20:39,-1
20,40,20:40,-1
20,41,20:41,-1
20,42,20:42,29
20,43,20:43,10
20,44,20:44,0
20,45,20:45,-1
20,46,20:46,12
20,47,20:47,-1
20,48,20:48,25
20,49,20:49,10
20,50,20:50,-1
20,51,20:51,10
20,52,20:52,-1
20,53,20:53,-1
20,54,20:54,-1
20,55,20:55,11
20,56,20:56,10
20,57,20:57,-1
20,58,20:58,-1
20,59,20:59,8
20,60,20:60,10
20,61,20:61,-1
20,62,20:62,-1
20,63,20:63,-1
20,64,20:64,36
20,65,20:65,30
20,66,20:66,30
20,67,20:67,-1
20,68,20:68,-1
20,69,20:69,30
20,70,20:70,30
20,71,20:71,10
20,72,20:72,110
20,73,20:73,44
20,74,20:74,25
20,75,20:75,32
20,76,20:76,3
20,77,20:77,-1
20,78,20:78,10
20,79,20:79,10
20,80,20:80,7
20,81,20:81,16
20,82,20:82,66
20,83,20:83,7
20,84,20:84,2
20,85,20:85,-1
20,86,20:86,7
20,87,20:87,-1
20,88,20:88,7
20,89,20:89,-1
20,90,20:90,7
20,91,20:91,7
20,92,20:92,7
20,93,20:93,-1
20,94,20:94,7
20,95,20:95,7
20,96,20:96,2
20,97,20:97,7
20,98,20:98,24
20,99,20:99,1
20,100,20:100,-1
20,101,20:101,-1
20,102,20:102,8
20,103,20:103,106
20,104,20:104,-1
20,105,20:105,124
20,106,20:106,50
20,107,20:107,-1
20,108,20:108,-1
20,109,20:109,16
20,110,20:110,45
20,111,20:111,-1
20,112,20:112,-1
20,113,20:113,1
20,114,20:114,1
20,115,20:115,61
20,116,20:116,61
20,117,20:117,61
20,118,20:118,-1
20,119,20:119,-1
20,120,20:120,61
20,121,20:121,61
20,122,20:122,2
20,123,20:123,-1
20,124,20:124,-1
20,125,20:125,71
20,126,20:126,40
20,127,20:127,25
20,128,20:128,-1
20,129,20:129,-1
20,130,20:130,-1
20,131,20:131,-1
20,132,20:132,-1
20,133,20:133,101
20,134,20:134,88
20,135,20:135,0
21,1,21:1,-1
21,2,21:2,-1
21,3,21:3,30
21,4,21:4,45
21,5,21:5,-1
21,6,21:6,35
21,7,21:7,-1
21,8,21:8,-1
21,9,21:9,6
21,10,21:10,1
21,11,21:11,35
21,12,21:12,-1
21,13,21:13,-1
21,14,21:14,18
21,15,21:15,125
21,16,21:16,116
21,17,21:17,-1
21,18,21:18,-1
21,19,21:19,15
21,20,21:20,-1
21,21,21:21,11
21,22,21:22,24
21,23,21:23,59
21,24,21:24,-1
21,25,21:25,19
21,26,21:26,-1
21,27,21:27,36
21,28,21:28,-1
21,29,21:29,-1
21,30,21:30,38
21,31,21:31,17
21,32,21:32,-1
21,33,21:33,-1
21,34,21:34,11
21,35,21:35,76
21,36,21:36,-1
21,37,21:37,54
21,38,21:38,-1
21,39,21:39,-1
21,40,21:40,-1
21,41,21:41,135
21,42,21:42,0
21,43,21:43,23
21,44,21:44,-1
21,45,21:45,0
21,46,21:46,122
21,47,21:47,-1
21,48,21:48,7
21,49,21:49,-1
21,50,21:50,1
21,51,21:51,-1
21,52,21:52,2
21,53,21:53,18
21,54,21:54,18
21,55,21:55,-1
21,56,21:56,-1
21,57,21:57,86
21,58,21:58,-1
21,59,21:59,18
21,60,21:60,137
21,61,21:61,18
21,62,21:62,-1
21,63,21:63,2
21,64,21:64,-1
21,65,21:65,49
21,66,21:66,64
21,67,21:67,74
21,68,21:68,18
21,69,21:69,130
21,70,21:70,-1
21,71,21:71,6
21,72,21:72,79
21,73,21:73,-1
21,74,21:74,-1
21,75,21:75,6
21,76,21:76,-1
21,77,21:77,6
21,78,21:78,-1
21,79,21:79,115
21,80,21:80,28
21,81,21:81,2
21,82,21:82,6
21,83,21:83,51
21,84,21:84,-1
21,85,21:85,79
21,86,21:86,6
21,87,21:87,18
21,88,21:88,6
21,89,21:89,132
21,90,21:90,132
21,91,21:91,123
21,92,21:92,103
21,93,21:93,-1
21,94,21:94,32
21,95,21:95,35
21,96,21:96,50
21,97,21:97,-1
21,98,21:98,133
21,99,21:99,-1
21,100,21:100,-1
21,101,21:101,117
21,102,21:102,-1
21,103,21:103,106
21,104,21:104,8
21,105,21:105,3
21,106,21:106,1
21,107,21:107,-1
21,108,21:108,0
21,109,21:109,-1
21,110,21:110,45
21,111,21:111,-1
21,112,21:112,128
22,1,22:1,-1
22,2,22:2,27
22,3,22:3,70
22,4,22:4,91
22,5,22:5,11
22,6,22:6,-1
22,7,22:7,65
22,8,22:8,-1
22,9,22:9,70
22,10,22:10,-1
22,11,22:11,-1
22,12,22:12,-1
22,13,22:13,16
22,14,22:14,3
22,15,22:15,12
22,16,22:16,1
22,17,22:17,-1
22,18,22:18,-1
22,19,22:19,81
22,20,22:20,96
22,21,22:21,-1
22,22,22:22,58
22,23,22:23,3
22,24,22:24,36
22,25,22:25,41
22,26,22:26,41
22,27,22:27,41
22,28,22:28,65
22,29,22:29,41
22,30,22:30,83
22,31,22:31,-1
22,32,22:32,-1
22,33,22:33,83
22,34,22:34,-1
22,35,22:35,63
22,36,22:36,83
22,37,22:37,46
22,38,22:38,5
22,39,22:39,14
22,40,22:40,63
22,41,22:41,63
22,42,22:42,1
22,43,22:43,55
22,44,22:44,-1
22,45,22:45,35
22,46,22:46,27
22,47,22:47,44
22,48,22:48,-1
22,49,22:49,0
22,50,22:50,-1
22,51,22:51,-1
22,52,22:52,1
22,53,22:53,29
22,54,22:54,-1
22,55,22:55,38
22,56,22:56,8
22,57,22:57,134
22,58,22:58,98
22,59,22:59,-1
22,60,22:60,21
22,61,22:61,68
22,62,22:62,-1
22,63,22:63,131
22,64,22:64,26
22,65,22:65,113
22,66,22:66,16
22,67,22:67,-1
22,68,22:68,0
22,69,22:69,-1
22,70,22:70,45
22,71,22:71,93
22,72,22:72,95
22,73,22:73,-1
22,74,22:74,-1
22,75,22:75,28
22,76,22:76,-1
22,77,22:77,105
22,78,22:78,23
23,1,23:1,-1
23,2,23:2,89
23,3,23:3,-1
23,4,23:4,107
23,5,23:5,-1
23,6,23:6,-1
23,7,23:7,87
23,8,23:8,89
23,9,23:9,89
23,10,23:10,-1
23,11,23:11,-1
23,12,23:12,31
23,13,23:13,31
23,14,23:14,31
23,15,23:15,11
23,16,23:16,11
23,17,23:17,116
23,18,23:18,17
23,19,23:19,20
23,20,23:20,125
23,21,23:21,-1
23,22,23:22,6
23,23,23:23,19
23,24,23:24,-1
23,25,23:25,36
23,26,23:26,57
23,27,23:27,6
23,28,23:28,6
23,29,23:29,124
23,30,23:30,-1
23,31,23:31,6
23,32,23:32,19
23,33,23:33,53
23,34,23:34,-1
23,35,23:35,11
23,36,23:36,-1
23,37,23:37,11
23,38,23:38,-1
23,39,23:39,2
23,40,23:40,-1
23,41,23:41,-1
23,42,23:42,6
23,43,23:43,42
23,44,23:44,88
23,45,23:45,7
23,46,23:46,10
23,47,23:47,18
23,48,23:48,13
23,49,23:49,7
23,50,23:50,17
23,51,23:51,46
23,52,23:52,103
23,53,23:53,53
23,54,23:54,-1
23,55,23:55,-1
23,56,23:56,-1
23,57,23:57,-1
23,58,23:58,-1
23,59,23:59,-1
23,60,23:60,-1
23,61,23:61,-1
23,62,23:62,-1
23,63,23:63,-1
23,64,23:64,4
23,65,23:65,23
23,66,23:66,-1
23,67,23:67,-1
23,68,23:68,5
23,69,23:69,-1
23,70,23:70,53
23,71,23:71,-1
23,72,23:72,4
23,73,23:73,36
23,74,23:74,-1
23,75,23:75,13
23,76,23:76,13
23,77,23:77,-1
23,78,23:78,15
23,79,23:79,-1
23,80,23:80,-1
23,81,23:81,49
23,82,23:82,11
23,83,23:83,-1
23,84,23:84,113
23,85,23:85,40
23,86,23:86,0
23,87,23:87,40
23,88,23:88,0
23,89,23:89,40
23,90,23:90,-1
23,91,23:91,60
23,92,23:92,15
23,93,23:93,0
23,94,23:94,-1
23,95,23:95,-1
23,96,23:96,-1
23,97,23:97,124
23,98,23:98,16
23,99,23:99,38
23,100,23:100,11
23,101,23:101,8
23,102,23:102,-1
23,103,23:103,-1
23,104,23:104,69
23,105,23:105,-1
23,106,23:106,40
23,107,23:107,-1
23,108,23:108,71
23,109,23:109,16
23,110,23:110,135
23,111,23:111,-1
23,112,23:112,-1
23,113,23:113,106
23,114,23:114,71
23,115,23:115,116
23,116,23:116,24
23,117,23:117,-1
23,118,23:118,44
24,1,24:1,1
24,2,24:2,9
24,3,24:3,9
24,4,24:4,-1
24,5,24:5,21
24,6,24:6,47
24,7,24:7,47
24,8,24:8,47
24,9,24:9,47
24,10,24:10,21
24,11,24:11,-1
24,12,24:12,-1
24,13,24:13,47
24,14,24:14,-1
24,15,24:15,-1
24,16,24:16,1
24,17,24:17,44
24,18,24:18,-1
24,19,24:19,-1
24,20,24:20,-1
24,21,24:21,-1
24,22,24:22,98
24,23,24:23,-1
24,24,24:24,-1
24,25,24:25,-1
24,26,24:26,16
24,27,24:27,41
24,28,24:28,-1
24,29,24:29,-1
24,30,24:30,27
24,31,24:31,27
24,32,24:32,9
24,33,24:33,9
24,34,24:34,-1
24,35,24:35,-1
24,36,24:36,41
24,37,24:37,-1
24,38,24:38,65
24,39,24:39,-1
24,40,24:40,-1
24,41,24:41,26
24,42,24:42,26
24,43,24:43,131
24,44,24:44,68
24,45,24:45,31
24,46,24:46,1
24,47,24:47,5
24,48,24:48,-1
24,49,24:49,-1
24,50,24:50,5
24,51,24:51,5
24,52,24:52,32
24,53,24:53,47
24,54,24:54,0
24,55,24:55,12
24,56,24:56,23
24,57,24:57,133
24,58,24:58,27
24,59,24:59,27
24,60,24:60,27
24,61,24:61,9
24,62,24:62,-1
24,63,24:63,12
24,64,24:64,26
25,1,25:1,39
25,2,25:2,15
25,3,25:3,-1
25,4,25:4,-1
25,5,25:5,-1
25,6,25:6,0
25,7,25:7,39
25,8,25:8,36
25,9,25:9,-1
25,10,25:10,-1
25,11,25:11,138
25,12,25:12,58
25,13,25:13,-1
25,14,25:14,106
25,15,25:15,0
25,16,25:16,-1
25,17,25:17,-1
25,18,25:18,40
25,19,25:19,-1
25,20,25:20,-1
25,21,25:21,-1
25,22,25:22,-1
25,23,25:23,-1
25,24,25:24,3
25,25,25:25,48
25,26,25:26,8
25,27,25:27,59
25,28,25:28,-1
25,29,25:29,-1
25,30,25:30,1
25,31,25:31,-1
25,32,25:32,1
25,33,25:33,74
25,34,25:34,107
25,35,25:35,7
25,36,25:36,-1
25,37,25:37,-1
25,38,25:38,-1
25,39,25:39,35
25,40,25:40,11
25,41,25:41,-1
25,42,25:42,-1
25,43,25:43,-1
25,44,25:44,-1
25,45,25:45,68
25,46,25:46,-1
25,47,25:47,104
25,48,25:48,17
25,49,25:49,-1
25,50,25:50,139
25,51,25:51,39
25,52,25:52,-1
25,53,25:53,6
25,54,25:54,15
25,55,25:55,93
25,56,25:56,39
25,57,25:57,0
25,58,25:58,-1
25,59,25:59,-1
25,60,25:60,90
25,61,25:61,-1
25,62,25:62,104
25,63,25:63,-1
25,64,25:64,104
25,65,25:65,25
25,66,25:66,87
25,67,25:67,89
25,68,25:68,-1
25,69,25:69,25
25,70,25:70,21
25,71,25:71,21
25,72,25:72,-1
25,73,25:73,-1
25,74,25:74,-1
25,75,25:75,-1
25,76,25:76,3
25,77,25:77,0
26,1,26:1,56
26,2,26:2,-1
26,3,26:3,-1
26,4,26:4,-1
26,5,26:5,-1
26,6,26:6,49
26,7,26:7,-1
26,8,26:8,13
26,9,26:9,51
26,10,26:10,7
26,11,26:11,10
26,12,26:12,2
26,13,26:13,-1
26,14,26:14,-1
26,15,26:15,12
26,16,26:16,10
26,17,26:17,7
26,18,26:18,10
26,19,26:19,-1
26,20,26:20,7
26,21,26:21,-1
26,22,26:22,7
26,23,26:23,10
26,24,26:24,-1
26,25,26:25,10
26,26,26:26,7
26,27,26:27,10
26,28,26:28,7
26,29,26:29,10
26,30,26:30,-1
26,31,26:31,10
26,32,26:32,30
26,33,26:33,-1
26,34,26:34,10
26,35,26:35,-1
26,36,26:36,-1
26,37,26:37,-1
26,38,26:38,30
26,39,26:39,2
26,40,26:40,30
26,41,26:41,10
26,42,26:42,2
26,43,26:43,30
26,44,26:44,10
26,45,26:45,30
26,46,26:46,-1
26,47,26:47,18
26,48,26:48,7
26,49,26:49,10
26,50,26:50,-1
26,51,26:51,66
26,52,26:52,-1
26,53,26:53,10
26,54,26:54,2
26,55,26:55,49
26,56,26:56,-1
26,57,26:57,20
26,58,26:58,3
26,59,26:59,7
26,60,26:60,-1
26,61,26:61,-1
26,62,26:62,7
26,63,26:63,-1
26,64,26:64,-1
26,65,26:65,6
26,66,26:66,6
26,67,26:67,13
26,68,26:68,51
26,69,26:69,124
26,70,26:70,2
26,71,26:71,-1
26,72,26:72,2
26,73,26:73,-1
26,74,26:74,18
26,75,26:75,2
26,76,26:76,-1
26,77,26:77,14
26,78,26:78,15
26,79,26:79,-1
26,80,26:80,-1
26,81,26:81,11
26,82,26:82,66
26,83,26:83,2
26,84,26:84,-1
26,85,26:85,3
26,86,26:86,66
26,87,26:87,-1
26,88,26:88,8
26,89,26:89,-1
26,90,26:90,-1
26,91,26:91,58
26,92,26:92,40
26,93,26:93,23
26,94,26:94,58
26,95,26:95,55
26,96,26:96,49
26,97,26:97,-1
26,98,26:98,-1
26,99,26:99,136
26,100,26:100,42
26,101,26:101,-1
26,102,26:102,-1
26,103,26:103,13
26,104,26:104,51
26,105,26:105,57
26,106,26:106,19
26,107,26:107,-1
26,108,26:108,-1
26,109,26:109,-1
26,110,26:110,-1
26,111,26:111,-1
26,112,26:112,-1
26,113,26:113,-1
26,114,26:114,-1
26,115,26:115,39
26,116,26:116,18
26,117,26:117,2
26,118,26:118,-1
26,119,26:119,6
26,120,26:120,6
26,121,26:121,13
26,122,26:122,51
26,123,26:123,55
26,124,26:124,19
26,125,26:125,-1
26,126,26:126,-1
26,127,26:127,-1
26,128,26:128,-1
26,129,26:129,-1
26,130,26:130,87
26,131,26:131,-1
26,132,26:132,-1
26,133,26:133,-1
26,134,26:134,20
26,135,26:135,25
26,136,26:136,-1
26,137,26:137,-1
26,138,26:138,-1
26,139,26:139,13
26,140,26:140,51
26,141,26:141,55
26,142,26:142,19
26,143,26:143,-1
26,144,26:144,-1
26,145,26:145,-1
26,146,26:146,-1
26,147,26:147,20
26,148,26:148,20
26,149,26:149,-1
26,150,26:150,-1
26,151,26:151,-1
26,152,26:152,13
26,153,26:153,30
26,154,26:154,-1
26,155,26:155,83
26,156,26:156,25
26,157,26:157,-1
26,158,26:158,13
26,159,26:159,51
26,160,26:160,55
26,161,26:161,19
26,162,26:162,-1
26,163,26:163,-1
26,164,26:164,-1
26,165,26:165,87
26,166,26:166,-1
26,167,26:167,18
26,168,26:168,-1
26,169,26:169,122
26,170,26:170,6
26,171,26:171,-1
26,172,26:172,6
26,173,26:173,17
26,174,26:174,13
26,175,26:175,51
26,176,26:176,55
26,177,26:177,19
26,178,26:178,-1
26,179,26:179,-1
26,180,26:180,-1
26,181,26:181,127
26,182,26:182,127
26,183,26:183,127
26,184,26:184,-1
26,185,26:185,30
26,186,26:186,-1
26,187,26:187,-1
26,188,26:188,2
26,189,26:189,13
26,190,26:190,13
26,191,26:191,51
26,192,26:192,1
26,193,26:193,17
26,194,26:194,39
26,195,26:195,1
26,196,26:196,-1
26,197,26:197,5
26,198,26:198,-1
26,199,26:199,73
26,200,26:200,136
26,201,26:201,-1
26,202,26:202,-1
26,203,26:203,40
26,204,26:204,42
26,205,26:205,-1
26,206,26:206,-1
26,207,26:207,-1
26,208,26:208,39
26,209,26:209,29
26,210,26:210,-1
26,211,26:211,42
26,212,26:212,-1
26,213,26:213,103
26,214,26:214,12
26,215,26:215,-1
26,216,26:216,-1
26,217,26:217,51
26,218,26:218,-1
26,219,26:219,90
26,220,26:220,15
26,221,26:221,-1
26,222,26:222,-1
26,223,26:223,-1
26,224,26:224,-1
26,225,26:225,-1
26,226,26:226,49
26,227,26:227,21
27,1,27:1,1
27,2,27:2,29
27,3,27:3,63
27,4,27:4,-1
27,5,27:5,107
27,6,27:6,1
27,7,27:7,130
27,8,27:8,130
27,9,27:9,-1
27,10,27:10,7
27,11,27:11,66
27,12,27:12,10
27,13,27:13,30
27,14,27:14,13
27,15,27:15,115
27,16,27:16,115
27,17,27:17,2
27,18,27:18,-1
27,19,27:19,43
27,20,27:20,2
27,21,27:21,71
27,22,27:22,2
27,23,27:23,43
27,24,27:24,52
27,25,27:25,90
27,26,27:26,24
27,27,27:27,-1
27,28,27:28,-1
27,29,27:29,43
27,30,27:30,-1
27,31,27:31,23
27,32,27:32,43
27,33,27:33,18
27,34,27:34,43
27,35,27:35,67
27,36,27:36,4
27,37,27:37,-1
27,38,27:38,43
27,39,27:39,111
27,40,27:40,16
27,41,27:41,43
27,42,27:42,43
27,43,27:43,123
27,44,27:44,43
27,45,27:45,19
27,46,27:46,64
27,47,27:47,110
27,48,27:48,13
27,49,27:49,110
27,50,27:50,114
27,51,27:51,-1
27,52,27:52,-1
27,53,27:53,6
27,54,27:54,84
27,55,27:55,87
27,56,27:56,84
27,57,27:57,6
27,58,27:58,17
27,59,27:59,0
27,60,27:60,24
27,61,27:61,24
27,62,27:62,24
27,63,27:63,24
27,64,27:64,24
27,65,27:65,0
27,66,27:66,-1
27,67,27:67,11
27,68,27:68,-1
27,69,27:69,0
27,70,27:70,44
27,71,27:71,-1
27,72,27:72,0
27,73,27:73,16
27,74,27:74,27
27,75,27:75,-1
27,76,27:76,-1
27,77,27:77,29
27,78,27:78,-1
27,79,27:79,-1
27,80,27:80,108
27,81,27:81,-1
27,82,27:82,-1
27,83,27:83,-1
27,84,27:84,-1
27,85,27:85,42
27,86,27:86,-1
27,87,27:87,86
27,88,27:88,131
27,89,27:89,-1
27,90,27:90,-1
27,91,27:91,0
27,92,27:92,23
27,93,27:93,0
28,1,28:1,56
28,2,28:2,-1
28,3,28:3,-1
28,4,28:4,10
28,5,28:5,6
28,6,28:6,10
28,7,28:7,7
28,8,28:8,10
28,9,28:9,10
28,10,28:10,7
28,11,28:11,43
28,12,28:12,-1
28,13,28:13,-1
28,14,28:14,97
28,15,28:15,-1
28,16,28:16,66
28,17,28:17,2
28,18,28:18,-1
28,19,28:19,-1
28,20,28:20,-1
28,21,28:21,-1
28,22,28:22,2
28,23,28:23,-1
28,24,28:24,-1
28,25,28:25,43
28,26,28:26,-1
28,27,28:27,64
28,28,28:28,-1
28,29,28:29,-1
28,30,28:30,-1
28,31,28:31,7
28,32,28:32,10
28,33,28:33,18
28,34,28:34,-1
28,35,28:35,80
28,36,28:36,30
28,37,28:37,7
28,38,28:38,10
28,39,28:39,6
28,40,28:40,6
28,41,28:41,-1
28,42,28:42,13
28,43,28:43,7
28,44,28:44,-1
28,45,28:45,-1
28,46,28:46,7
28,47,28:47,-1
28,48,28:48,30
28,49,28:49,0
28,50,28:50,-1
28,51,28:51,139
28,52,28:52,-1
28,53,28:53,-1
28,54,28:54,-1
28,55,28:55,-1
28,56,28:56,52
28,57,28:57,-1
28,58,28:58,35
28,59,28:59,35
28,60,28:60,74
28,61,28:61,-1
28,62,28:62,-1
28,63,28:63,-1
28,64,28:64,-1
28,65,28:65,48
28,66,28:66,42
28,67,28:67,92
28,68,28:68,-1
28,69,28:69,27
28,70,28:70,24
28,71,28:71,0
28,72,28:72,0
28,73,28:73,104
28,74,28:74,-1
28,75,28:75,-1
28,76,28:76,-1
28,77,28:77,-1
28,78,28:78,64
28,79,28:79,-1
28,80,28:80,-1
28,81,28:81,-1
28,82,28:82,-1
28,83,28:83,3
28,84,28:84,-1
28,85,28:85,-1
28,86,28:86,77
28,87,28:87,80
28,88,28:88,103
29,1,29:1,56
29,2,29:2,40
29,3,29:3,-1
29,4,29:4,-1
29,5,29:5,-1
29,6,29:6,-1
29,7,29:7,-1
29,8,29:8,-1
29,9,29:9,32
29,10,29:10,27
29,11,29:11,-1
29,12,29:12,-1
29,13,29:13,-1
29,14,29:14,57
29,15,29:15,6
29,16,29:16,19
29,17,29:17,103
29,18,29:18,12
29,19,29:19,100
29,20,29:20,0
29,21,29:21,-1
29,22,29:22,113
29,23,29:23,133
29,24,29:24,-1
29,25,29:25,19
29,26,29:26,19
29,27,29:27,79
29,28,29:28,84
29,29,29:29,-1
29,30,29:30,2
29,31,29:31,35
29,32,29:32,84
29,33,29:33,84
29,34,29:34,35
29,35,29:35,-1
29,36,29:36,19
29,37,29:37,-1
29,38,29:38,94
29,39,29:39,-1
29,40,29:40,121
29,41,29:41,14
29,42,29:42,45
29,43,29:43,-1
29,44,29:44,100
29,45,29:45,23
29,46,29:46,0
29,47,29:47,1
29,48,29:48,-1
29,49,29:49,1
29,50,29:50,101
29,51,29:51,77
29,52,29:52,0
29,53,29:53,122
29,54,29:54,25
29,55,29:55,76
29,56,29:56,-1
29,57,29:57,-1
29,58,29:58,3
29,59,29:59,63
29,60,29:60,-1
29,61,29:61,75
29,62,29:62,-1
29,63,29:63,75
29,64,29:64,-1
29,65,29:65,-1
29,66,29:66,-1
29,67,29:67,5
29,68,29:68,126
29,69,29:69,-1
30,1,30:1,56
30,2,30:2,35
30,3,30:3,-1
30,4,30:4,8
30,5,30:5,-1
30,6,30:6,72
30,7,30:7,11
30,8,30:8,75
30,9,30:9,121
30,10,30:10,5
30,11,30:11,100
30,12,30:12,-1
30,13,30:13,-1
30,14,30:14,8
30,15,30:15,3
30,16,30:16,25
30,17,30:17,104
30,18,30:18,-1
30,19,30:19,11
30,20,30:20,54
30,21,30:21,54
30,22,30:22,54
30,23,30:23,54
30,24,30:24,54
30,25,30:25,54
30,26,30:26,-1
30,27,30:27,15
30,28,30:28,-1
30,29,30:29,52
30,30,30:30,0
30,31,30:31,23
30,32,30:32,53
30,33,30:33,16
30,34,30:34,-1
30,35,30:35,-1
30,36,30:36,16
30,37,30:37,5
30,38,30:38,-1
30,39,30:39,4
30,40,30:40,80
30,41,30:41,122
30,42,30:42,0
30,43,30:43,-1
30,44,30:44,-1
30,45,30:45,65
30,46,30:46,54
30,47,30:47,-1
30,48,30:48,131
30,49,30:49,13
30,50,30:50,113
30,51,30:51,88
30,52,30:52,108
30,53,30:53,-1
30,54,30:54,24
30,55,30:55,-1
30,56,30:56,-1
30,57,30:57,-1
30,58,30:58,1
30,59,30:59,45
30,60,30:60,86
31,1,31:1,56
31,2,31:2,-1
31,3,31:3,29
31,4,31:4,63
31,5,31:5,-1
31,6,31:6,70
31,7,31:7,-1
31,8,31:8,3
31,9,31:9,-1
31,10,31:10,17
31,11,31:11,100
31,12,31:12,129
31,13,31:13,80
31,14,31:14,-1
31,15,31:15,-1
31,16,31:16,26
31,17,31:17,-1
31,18,31:18,-1
31,19,31:19,12
31,20,31:20,26
31,21,31:21,-1
31,22,31:22,-1
31,23,31:23,27
31,24,31:24,-1
31,25,31:25,75
31,26,31:26,26
31,27,31:27,-1
31,28,31:28,99
31,29,31:29,68
31,30,31:30,5
31,31,31:31,-1
31,32,31:32,-1
31,33,31:33,72
31,34,31:34,45
32,1,32:1,56
32,2,32:2,51
32,3,32:3,-1
32,4,32:4,100
32,5,32:5,-1
32,6,32:6,15
32,7,32:7,31
32,8,32:8,31
32,9,32:9,31
32,10,32:10,11
32,11,32:11,0
32,12,32:12,-1
32,13,32:13,111
32,14,32:14,76
32,15,32:15,90
32,16,32:16,-1
32,17,32:17,-1
32,18,32:18,108
32,19,32:19,3
32,20,32:20,81
32,21,32:21,-1
32,22,32:22,122
32,23,32:23,7
32,24,32:24,-1
32,25,32:25,-1
32,26,32:26,-1
32,27,32:27,-1
32,28,32:28,-1
32,29,32:29,0
32,30,32:30,42
33,1,33:1,-1
33,2,33:2,12
33,3,33:3,-1
33,4,33:4,9
33,5,33:5,0
33,6,33:6,98
33,7,33:7,19
33,8,33:8,29
33,9,33:9,28
33,10,33:10,28
33,11,33:11,13
33,12,33:12,-1
33,13,33:13,73
33,14,33:14,73
33,15,33:15,73
33,16,33:16,0
33,17,33:17,0
33,18,33:18,-1
33,19,33:19,70
33,20,33:20,-1
33,21,33:21,12
33,22,33:22,-1
33,23,33:23,52
33,24,33:24,65
33,25,33:25,-1
33,26,33:26,13
33,27,33:27,-1
33,28,33:28,9
33,29,33:29,-1
33,30,33:30,9
33,31,33:31,72
33,32,33:32,9
33,33,33:33,41
33,34,33:34,28
33,35,33:35,9
33,36,33:36,9
33,37,33:37,9
33,38,33:38,-1
33,39,33:39,4
33,40,33:40,-1
33,41,33:41,12
33,42,33:42,-1
33,43,33:43,-1
33,44,33:44,-1
33,45,33:45,39
33,46,33:46,-1
33,47,33:47,72
33,48,33:48,12
33,49,33:49,9
33,50,33:50,9
33,51,33:51,9
33,52,33:52,9
33,53,33:53,9
33,54,33:54,45
33,55,33:55,9
33,56,33:56,-1
33,57,33:57,-1
33,58,33:58,-1
33,59,33:59,27
33,60,33:60,128
33,61,33:61,-1
33,62,33:62,28
33,63,33:63,138
33,64,33:64,133
33,65,33:65,-1
33,66,33:66,-1
33,67,33:67,40
33,68,33:68,25
33,69,33:69,7
33,70,33:70,-1
33,71,33:71,92
33,72,33:72,-1
33,73,33:73,65
34,1,34:1,129
34,2,34:2,15
34,3,34:3,138
34,4,34:4,65
34,5,34:5,-1
34,6,34:6,77
34,7,34:7,11
34,8,34:8,-1
34,9,34:9,75
34,10,34:10,115
34,11,34:11,2
34,12,34:12,2
34,13,34:13,115
34,14,34:14,-1
34,15,34:15,-1
34,16,34:16,20
34,17,34:17,-1
34,18,34:18,17
34,19,34:19,-1
34,20,34:20,13
34,21,34:21,36
34,22,34:22,0
34,23,34:23,16
34,24,34:24,0
34,25,34:25,0
34,26,34:26,0
34,27,34:27,0
34,28,34:28,39
34,29,34:29,-1
34,30,34:30,0
34,31,34:31,-1
34,32,34:32,87
34,33,34:33,-1
34,34,34:34,39
34,35,34:35,33
34,36,34:36,0
34,37,34:37,32
34,38,34:38,-1
34,39,34:39,0
34,40,34:40,48
34,41,34:41,40
34,42,34:42,76
34,43,34:43,30
34,44,34:44,-1
34,45,34:45,-1
34,46,34:46,0
34,47,34:47,0
34,48,34:48,0
34,49,34:49,0
34,50,34:50,0
34,51,34:51,88
34,52,34:52,-1
34,53,34:53,-1
34,54,34:54,-1
35,1,35:1,26
35,2,35:2,-1
35,3,35:3,24
35,4,35:4,-1
35,5,35:5,86
35,6,35:6,91
35,7,35:7,25
35,8,35:8,52
35,9,35:9,131
35,10,35:10,128
35,11,35:11,-1
35,12,35:12,6
35,13,35:13,68
35,14,35:14,-1
35,15,35:15,129
35,16,35:16,-1
35,17,35:17,-1
35,18,35:18,-1
35,19,35:19,108
35,20,35:20,68
35,21,35:21,-1
35,22,35:22,99
35,23,35:23,39
35,24,35:24,39
35,25,35:25,-1
35,26,35:26,135
35,27,35:27,131
35,28,35:28,131
35,29,35:29,4
35,30,35:30,65
35,31,35:31,1
35,32,35:32,-1
35,33,35:33,3
35,34,35:34,-1
35,35,35:35,3
35,36,35:36,25
35,37,35:37,76
35,38,35:38,27
35,39,35:39,-1
35,40,35:40,0
35,41,35:41,26
35,42,35:42,39
35,43,35:43,-1
35,44,35:44,121
35,45,35:45,-1
36,1,36:1,56
36,2,36:2,1
36,3,36:3,-1
36,4,36:4,36
36,5,36:5,51
36,6,36:6,29
36,7,36:7,-1
36,8,36:8,-1
36,9,36:9,-1
36,10,36:10,-1
36,11,36:11,0
36,12,36:12,11
36,13,36:13,67
36,14,36:14,67
36,15,36:15,18
36,16,36:16,67
36,17,36:17,12
36,18,36:18,18
36,19,36:19,18
36,20,36:20,-1
36,21,36:21,-1
36,22,36:22,103
36,23,36:23,-1
36,24,36:24,11
36,25,36:25,-1
36,26,36:26,2
36,27,36:27,16
36,28,36:28,-1
36,29,36:29,-1
36,30,36:30,-1
36,31,36:31,35
36,32,36:32,-1
36,33,36:33,-1
36,34,36:34,20
36,35,36:35,-1
36,36,36:36,15
36,37,36:37,68
36,38,36:38,-1
36,39,36:39,-1
36,40,36:40,-1
36,41,36:41,6
36,42,36:42,83
36,43,36:43,-1
36,44,36:44,-1
36,45,36:45,-1
36,46,36:46,-1
36,47,36:47,4
36,48,36:48,-1
36,49,36:49,138
36,50,36:50,42
36,51,36:51,8
36,52,36:52,40
36,53,36:53,-1
36,54,36:54,-1
36,55,36:55,3
36,56,36:56,119
36,57,36:57,20
36,58,36:58,-1
36,59,36:59,-1
36,60,36:60,91
36,61,36:61,103
36,62,36:62,74
36,63,36:63,58
36,64,36:64,69
36,65,36:65,-1
36,66,36:66,-1
36,67,36:67,88
36,68,36:68,11
36,69,36:69,1
36,70,36:70,29
36,71,36:71,-1
36,72,36:72,83
36,73,36:73,-1
36,74,36:74,23
36,75,36:75,-1
36,76,36:76,45
36,77,36:77,31
36,78,36:78,11
36,79,36:79,0
36,80,36:80,-1
36,81,36:81,-1
36,82,36:82,-1
36,83,36:83,15
37,1,37:1,48
37,2,37:2,48
37,3,37:3,-1
37,4,37:4,24
37,5,37:5,15
37,6,37:6,-1
37,7,37:7,29
37,8,37:8,29
37,9,37:9,-1
37,10,37:10,-1
37,11,37:11,-1
37,12,37:12,135
37,13,37:13,-1
37,14,37:14,88
37,15,37:15,30
37,16,37:16,11
37,17,37:17,-1
37,18,37:18,0
37,19,37:19,-1
37,20,37:20,106
37,21,37:21,40
37,22,37:22,48
37,23,37:23,-1
37,24,37:24,49
37,25,37:25,-1
37,26,37:26,106
37,27,37:27,-1
37,28,37:28,40
37,29,37:29,40
37,30,37:30,18
37,31,37:31,76
37,32,37:32,18
37,33,37:33,-1
37,34,37:34,136
37,35,37:35,90
37,36,37:36,18
37,37,37:37,-1
37,38,37:38,25
37,39,37:39,-1
37,40,37:40,-1
37,41,37:41,-1
37,42,37:42,20
37,43,37:43,-1
37,44,37:44,-1
37,45,37:45,112
37,46,37:46,-1
37,47,37:47,-1
37,48,37:48,3
37,49,37:49,3
37,50,37:50,-1
37,51,37:51,-1
37,52,37:52,-1
37,53,37:53,11
37,54,37:54,71
37,55,37:55,-1
37,56,37:56,71
37,57,37:57,16
37,58,37:58,11
37,59,37:59,11
37,60,37:60,32
37,61,37:61,113
37,62,37:62,3
37,63,37:63,-1
37,64,37:64,-1
37,65,37:65,125
37,66,37:66,-1
37,67,37:67,96
37,68,37:68,58
37,69,37:69,18
37,70,37:70,2
37,71,37:71,35
37,72,37:72,39
37,73,37:73,-1
37,74,37:74,-1
37,75,37:75,-1
37,76,37:76,6
37,77,37:77,-1
37,78,37:78,-1
37,79,37:79,-1
37,80,37:80,117
37,81,37:81,97
37,82,37:82,6
37,83,37:83,19
37,84,37:84,2
37,85,37:85,2
37,86,37:86,-1
37,87,37:87,-1
37,88,37:88,-1
37,89,37:89,2
37,90,37:90,2
37,91,37:91,-1
37,92,37:92,-1
37,93,37:93,2
37,94,37:94,2
37,95,37:95,2
37,96,37:96,-1
37,97,37:97,-1
37,98,37:98,114
37,99,37:99,2
37,100,37:100,-1
37,101,37:101,-1
37,102,37:102,64
37,103,37:103,-1
37,104,37:104,137
37,105,37:105,117
37,106,37:106,-1
37,107,37:107,6
37,108,37:108,-1
37,109,37:109,137
37,110,37:110,117
37,111,37:111,97
37,112,37:112,79
37,113,37:113,79
37,114,37:114,7
37,115,37:115,6
37,116,37:116,6
37,117,37:117,7
37,118,37:118,36
37,119,37:119,-1
37,120,37:120,-1
37,121,37:121,117
37,122,37:122,97
37,123,37:123,79
37,124,37:124,64
37,125,37:125,-1
37,126,37:126,24
37,127,37:127,-1
37,128,37:128,-1
37,129,37:129,-1
37,130,37:130,137
37,131,37:131,117
37,132,37:132,97
37,133,37:133,84
37,134,37:134,6
37,135,37:135,6
37,136,37:136,6
37,137,37:137,-1
37,138,37:138,68
37,139,37:139,79
37,140,37:140,6
37,141,37:141,-1
37,142,37:142,6
37,143,37:143,-1
37,144,37:144,-1
37,145,37:145,6
37,146,37:146,-1
37,147,37:147,6
37,148,37:148,-1
37,149,37:149,60
37,150,37:150,60
37,151,37:151,49
37,152,37:152,-1
37,153,37:153,60
37,154,37:154,-1
37,155,37:155,29
37,156,37:156,-1
37,157,37:157,-1
37,158,37:158,111
37,159,37:159,-1
37,160,37:160,-1
37,161,37:161,38
37,162,37:162,-1
37,163,37:163,69
37,164,37:164,15
37,165,37:165,-1
37,166,37:166,-1
37,167,37:167,38
37,168,37:168,-1
37,169,37:169,-1
37,170,37:170,-1
37,171,37:171,67
37,172,37:172,-1
37,173,37:173,-1
37,174,37:174,12
37,175,37:175,109
37,176,37:176,42
37,177,37:177,-1
37,178,37:178,-1
37,179,37:179,-1
37,180,37:180,15
37,181,37:181,-1
37,182,37:182,129
38,1,38:1,139
38,2,38:2,38
38,3,38:3,35
38,4,38:4,39
38,5,38:5,-1
38,6,38:6,-1
38,7,38:7,-1
38,8,38:8,67
38,9,38:9,-1
38,10,38:10,26
38,11,38:11,-1
38,12,38:12,57
38,13,38:13,55
38,14,38:14,55
38,15,38:15,8
38,16,38:16,-1
38,17,38:17,23
38,18,38:18,104
38,19,38:19,2
38,20,38:20,97
38,21,38:21,-1
38,22,38:22,18
38,23,38:23,43
38,24,38:24,115
38,25,38:25,-1
38,26,38:26,-1
38,27,38:27,116
38,28,38:28,-1
38,29,38:29,1
38,30,38:30,115
38,31,38:31,-1
38,32,38:32,2
38,33,38:33,2
38,34,38:34,-1
38,35,38:35,2
38,36,38:36,2
38,37,38:37,111
38,38,38:38,-1
38,39,38:39,-1
38,40,38:40,-1
38,41,38:41,91
38,42,38:42,-1
38,43,38:43,6
38,44,38:44,-1
38,45,38:45,79
38,46,38:46,3
38,47,38:47,97
38,48,38:48,79
38,49,38:49,29
38,50,38:50,3
38,51,38:51,20
38,52,38:52,3
38,53,38:53,109
38,54,38:54,-1
38,55,38:55,87
38,56,38:56,69
38,57,38:57,96
38,58,38:58,-1
38,59,38:59,58
38,60,38:60,40
38,61,38:61,-1
38,62,38:62,-1
38,63,38:63,-1
38,64,38:64,81
38,65,38:65,0
38,66,38:66,15
38,67,38:67,0
38,68,38:68,-1
38,69,38:69,61
38,70,38:70,39
38,71,38:71,31
38,72,38:72,31
38,73,38:73,-1
38,74,38:74,61
38,75,38:75,90
38,76,38:76,-1
38,77,38:77,-1
38,78,38:78,25
38,79,38:79,2
38,80,38:80,-1
38,81,38:81,85
38,82,38:82,61
38,83,38:83,-1
38,84,38:84,47
38,85,38:85,25
38,86,38:86,0
38,87,38:87,29
38,88,38:88,85
39,1,39:1,1
39,2,39:2,1
39,3,39:3,93
39,4,39:4,60
39,5,39:5,15
39,6,39:6,24
39,7,39:7,27
39,8,39:8,0
39,9,39:9,108
39,10,39:10,0
39,11,39:11,0
39,12,39:12,-1
39,13,39:13,0
39,14,39:14,0
39,15,39:15,-1
39,16,39:16,-1
39,17,39:17,12
39,18,39:18,-1
39,19,39:19,58
39,20,39:20,-1
39,21,39:21,131
39,22,39:22,70
39,23,39:23,1
39,24,39:24,-1
39,25,39:25,-1
39,26,39:26,5
39,27,39:27,1
39,28,39:28,1
39,29,39:29,-1
39,30,39:30,-1
39,31,39:31,-1
39,32,39:32,126
39,33,39:33,32
39,34,39:34,-1
39,35,39:35,65
39,36,39:36,-1
39,37,39:37,52
39,38,39:38,75
39,39,39:39,0
39,40,39:40,25
39,41,39:41,78
39,42,39:42,99
39,43,39:43,93
39,44,39:44,0
39,45,39:45,-1
39,46,39:46,0
39,47,39:47,-1
39,48,39:48,-1
39,49,39:49,16
39,50,39:50,13
39,51,39:51,87
39,52,39:52,5
39,53,39:53,0
39,54,39:54,66
39,55,39:55,77
39,56,39:56,-1
39,57,39:57,-1
39,58,39:58,122
39,59,39:59,53
39,60,39:60,126
39,61,39:61,120
39,62,39:62,26
39,63,39:63,26
39,64,39:64,0
39,65,39:65,-1
39,66,39:66,-1
39,67,39:67,-1
39,68,39:68,8
39,69,39:69,-1
39,70,39:70,-1
39,71,39:71,25
39,72,39:72,-1
39,73,39:73,3
39,74,39:74,-1
39,75,39:75,-1
40,1,40:1,56
40,2,40:2,1
40,3,40:3,-1
40,4,40:4,101
40,5,40:5,57
40,6,40:6,81
40,7,40:7,-1
40,8,40:8,3
40,9,40:9,32
40,10,40:10,-1
40,11,40:11,40
40,12,40:12,-1
40,13,40:13,-1
40,14,40:14,0
40,15,40:15,15
40,16,40:16,8
40,17,40:17,120
40,18,40:18,-1
40,19,40:19,27
40,20,40:20,-1
40,21,40:21,121
40,22,40:22,-1
40,23,40:23,7
40,24,40:24,10
40,25,40:25,-1
40,26,40:26,10
40,27,40:27,7
40,28,40:28,-1
40,29,40:29,10
40,30,40:30,-1
40,31,40:31,-1
40,32,40:32,-1
40,33,40:33,-1
40,34,40:34,37
40,35,40:35,70
40,36,40:36,10
40,37,40:37,10
40,38,40:38,36
40,39,40:39,3
40,40,40:40,32
40,41,40:41,81
40,42,40:42,14
40,43,40:43,14
40,44,40:44,-1
40,45,40:45,10
40,46,40:46,10
40,47,40:47,81
40,48,40:48,-1
40,49,40:49,-1
40,50,40:50,-1
40,51,40:51,-1
40,52,40:52,8
40,53,40:53,7
40,54,40:54,29
40,55,40:55,-1
40,56,40:56,27
40,57,40:57,116
40,58,40:58,108
40,59,40:59,138
40,60,40:60,25
40,61,40:61,104
40,62,40:62,24
40,63,40:63,-1
40,64,40:64,-1
40,65,40:65,-1
40,66,40:66,0
40,67,40:67,-1
40,68,40:68,-1
40,69,40:69,101
40,70,40:70,77
40,71,40:71,-1
40,72,40:72,-1
40,73,40:73,-1
40,74,40:74,-1
40,75,40:75,48
40,76,40:76,-1
40,77,40:77,-1
40,78,40:78,-1
40,79,40:79,83
40,80,40:80,27
40,81,40:81,101
40,82,40:82,-1
40,83,40:83,135
40,84,40:84,5
40,85,40:85,5
41,1,41:1,56
41,2,41:2,51
41,3,41:3,1
41,4,41:4,-1
41,5,41:5,-1
41,6,41:6,0
41,7,41:7,107
41,8,41:8,32
41,9,41:9,0
41,10,41:10,17
41,11,41:11,2
41,12,41:12,-1
41,13,41:13,36
41,14,41:14,19
41,15,41:15,94
41,16,41:16,-1
41,17,41:17,94
41,18,41:18,6
41,19,41:19,86
41,20,41:20,-1
41,21,41:21,40
41,22,41:22,27
41,23,41:23,-1
41,24,41:24,130
41,25,41:25,13
41,26,41:26,-1
41,27,41:27,25
41,28,41:28,130
41,29,41:29,111
41,30,41:30,120
41,31,41:31,48
41,32,41:32,-1
41,33,41:33,70
41,34,41:34,16
41,35,41:35,16
41,36,41:36,28
41,37,41:37,104
41,38,41:38,90
41,39,41:39,54
41,40,41:40,-1
41,41,41:41,77
41,42,41:42,-1
41,43,41:43,44
41,44,41:44,1
41,45,41:45,-1
41,46,41:46,16
41,47,41:47,-1
41,48,41:48,-1
41,49,41:49,16
41,50,41:50,-1
41,51,41:51,16
41,52,41:52,0
41,53,41:53,-1
41,54,41:54,-1
42,1,42:1,56
42,2,42:2,56
42,3,42:3,-1
42,4,42:4,15
42,5,42:5,21
42,6,42:6,-1
42,7,42:7,86
42,8,42:8,-1
42,9,42:9,23
42,10,42:10,0
42,11,42:11,15
42,12,42:12,15
42,13,42:13,-1
42,14,42:14,53
42,15,42:15,0
42,16,42:16,-1
42,17,42:17,1
42,18,42:18,138
42,19,42:19,-1
42,20,42:20,-1
42,21,42:21,93
42,22,42:22,32
42,23,42:23,-1
42,24,42:24,27
42,25,42:25,66
42,26,42:26,-1
42,27,42:27,-1
42,28,42:28,17
42,29,42:29,54
42,30,42:30,66
42,31,42:31,113
42,32,42:32,54
42,33,42:33,-1
42,34,42:34,21
42,35,42:35,134
42,36,42:36,-1
42,37,42:37,-1
42,38,42:38,-1
42,39,42:39,87
42,40,42:40,21
42,41,42:41,-1
42,42,42:42,-1
42,43,42:43,-1
42,44,42:44,-1
42,45,42:45,-1
42,46,42:46,14
42,47,42:47,-1
42,48,42:48,-1
42,49,42:49,60
42,50,42:50,60
42,51,42:51,28
42,52,42:52,1
42,53,42:53,-1
43,1,43:1,56
43,2,43:2,1
43,3,43:3,1
43,4,43:4,139
43,5,43:5,-1
43,6,43:6,-1
43,7,43:7,135
43,8,43:8,35
43,9,43:9,75
43,10,43:10,-1
43,11,43:11,17
43,12,43:12,-1
43,13,43:13,16
43,14,43:14,-1
43,15,43:15,16
43,16,43:16,60
43,17,43:17,-1
43,18,43:18,-1
43,19,43:19,60
43,20,43:20,-1
43,21,43:21,1
43,22,43:22,-1
43,23,43:23,39
43,24,43:24,39
43,25,43:25,-1
43,26,43:26,19
43,27,43:27,36
43,28,43:28,-1
43,29,43:29,-1
43,30,43:30,30
43,31,43:31,73
43,32,43:32,-1
43,33,43:33,53
43,34,43:34,3
43,35,43:35,3
43,36,43:36,91
43,37,43:37,78
43,38,43:38,-1
43,39,43:39,-1
43,40,43:40,-1
43,41,43:41,-1
43,42,43:42,-1
43,43,43:43,-1
43,44,43:44,106
43,45,43:45,19
43,46,43:46,-1
43,47,43:47,88
43,48,43:48,13
43,49,43:49,30
43,50,43:50,13
43,51,43:51,10
43,52,43:52,-1
43,53,43:53,-1
43,54,43:54,-1
43,55,43:55,6
43,56,43:56,6
43,57,43:57,123
43,58,43:58,-1
43,59,43:59,-1
43,60,43:60,-1
43,61,43:61,54
43,62,43:62,91
43,63,43:63,-1
43,64,43:64,103
43,65,43:65,53
43,66,43:66,42
43,67,43:67,8
43,68,43:68,120
43,69,43:69,5
43,70,43:70,3
43,71,43:71,3
43,72,43:72,3
43,73,43:73,20
43,74,43:74,25
43,75,43:75,-1
43,76,43:76,18
43,77,43:77,40
43,78,43:78,-1
43,79,43:79,114
43,80,43:80,45
43,81,43:81,0
43,82,43:82,15
43,83,43:83,-1
43,84,43:84,24
43,85,43:85,15
43,86,43:86,16
43,87,43:87,75
43,88,43:88,5
43,89,43:89,0
44,1,44:1,56
44,2,44:2,1
44,3,44:3,67
44,4,44:4,-1
44,5,44:5,67
44,6,44:6,-1
44,7,44:7,15
44,8,44:8,24
44,9,44:9,49
44,10,44:10,50
44,11,44:11,-1
44,12,44:12,40
44,13,44:13,-1
44,14,44:14,-1
44,15,44:15,38
44,16,44:16,106
44,17,44:17,10
44,18,44:18,-1
44,19,44:19,23
44,20,44:20,-1
44,21,44:21,38
44,22,44:22,18
44,23,44:23,-1
44,24,44:24,-1
44,25,44:25,20
44,26,44:26,20
44,27,44:27,-1
44,28,44:28,-1
44,29,44:29,13
44,30,44:30,6
44,31,44:31,10
44,32,44:32,-1
44,33,44:33,-1
44,34,44:34,38
44,35,44:35,11
44,36,44:36,-1
44,37,44:37,-1
44,38,44:38,116
44,39,44:39,-1
44,40,44:40,-1
44,41,44:41,8
44,42,44:42,-1
44,43,44:43,-1
44,44,44:44,46
44,45,44:45,96
44,46,44:46,96
44,47,44:47,-1
44,48,44:48,96
44,49,44:49,-1
44,50,44:50,49
44,51,44:51,3
44,52,44:52,20
44,53,44:53,3
44,54,44:54,3
44,55,44:55,20
44,56,44:56,58
44,57,44:57,-1
44,58,44:58,139
44,59,44:59,-1
45,1,45:1,56
45,2,45:2,1
45,3,45:3,54
45,4,45:4,54
45,5,45:5,68
45,6,45:6,74
45,7,45:7,-1
45,8,45:8,-1
45,9,45:9,-1
45,10,45:10,-1
45,11,45:11,1
45,12,45:12,6
45,13,45:13,54
45,14,45:14,44
45,15,45:15,-1
45,16,45:16,7
45,17,45:17,-1
45,18,45:18,-1
45,19,45:19,14
45,20,45:20,1
45,21,45:21,-1
45,22,45:22,100
45,23,45:23,52
45,24,45:24,11
45,25,45:25,-1
45,26,45:26,0
45,27,45:27,138
45,28,45:28,106
45,29,45:29,-1
45,30,45:30,32
45,31,45:31,53
45,32,45:32,138
45,33,45:33,-1
45,34,45:34,106
45,35,45:35,5
45,36,45:36,129
45,37,45:37,15
46,1,46:1,56
46,2,46:2,1
46,3,46:3,-1
46,4,46:4,0
46,5,46:5,52
46,6,46:6,40
46,7,46:7,30
46,8,46:8,-1
46,9,46:9,0
46,10,46:10,0
46,11,46:11,-1
46,12,46:12,-1
46,13,46:13,120
46,14,46:14,-1
46,15,46:15,-1
46,16,46:16,63
46,17,46:17,-1
46,18,46:18,13
46,19,46:19,-1
46,20,46:20,-1
46,21,46:21,39
46,22,46:22,18
46,23,46:23,64
46,24,46:24,17
46,25,46:25,-1
46,26,46:26,5
46,27,46:27,35
46,28,46:28,-1
46,29,46:29,1
46,30,46:30,-1
46,31,46:31,44
46,32,46:32,-1
46,33,46:33,75
46,34,46:34,38
46,35,46:35,-1
47,1,47:1,70
47,2,47:2,-1
47,3,47:3,5
47,4,47:4,14
47,5,47:5,-1
47,6,47:6,-1
47,7,47:7,12
47,8,47:8,38
47,9,47:9,5
47,10,47:10,5
47,11,47:11,5
47,12,47:12,3
47,13,47:13,35
47,14,47:14,-1
47,15,47:15,3
47,16,47:16,52
47,17,47:17,-1
47,18,47:18,42
47,19,47:19,-1
47,20,47:20,-1
47,21,47:21,-1
47,22,47:22,-1
47,23,47:23,5
47,24,47:24,5
47,25,47:25,-1
47,26,47:26,5
47,27,47:27,-1
47,28,47:28,5
47,29,47:29,45
47,30,47:30,-1
47,31,47:31,-1
47,32,47:32,70
47,33,47:33,12
47,34,47:34,95
47,35,47:35,-1
47,36,47:36,4
47,37,47:37,34
47,38,47:38,4
48,1,48:1,-1
48,2,48:2,65
48,3,48:3,72
48,4,48:4,-1
48,5,48:5,3
48,6,48:6,-1
48,7,48:7,26
48,8,48:8,39
48,9,48:9,65
48,10,48:10,47
48,11,48:11,-1
48,12,48:12,-1
48,13,48:13,133
48,14,48:14,21
48,15,48:15,14
48,16,48:16,14
48,17,48:17,-1
48,18,48:18,-1
48,19,48:19,-1
48,20,48:20,72
48,21,48:21,72
48,22,48:22,14
48,23,48:23,28
48,24,48:24,-1
48,25,48:25,-1
48,26,48:26,-1
48,27,48:27,41
48,28,48:28,24
48,29,48:29,5
49,1,49:1,28
49,2,49:2,12
49,3,49:3,12
49,4,49:4,74
49,5,49:5,-1
49,6,49:6,-1
49,7,49:7,12
49,8,49:8,-1
49,9,49:9,14
49,10,49:10,0
49,11,49:11,-1
49,12,49:12,95
49,13,49:13,129
49,14,49:14,-1
49,15,49:15,-1
49,16,49:16,0
49,17,49:17,5
49,18,49:18,26
50,1,50:1,1
50,2,50:2,39
50,3,50:3,11
50,4,50:4,-1
50,5,50:5,49
50,6,50:6,75
50,7,50:7,17
50,8,50:8,12
50,9,50:9,125
50,10,50:10,20
50,11,50:11,11
50,12,50:12,57
50,13,50:13,-1
50,14,50:14,55
50,15,50:15,11
50,16,50:16,31
50,17,50:17,-1
50,18,50:18,-1
50,19,50:19,-1
50,20,50:20,8
50,21,50:21,8
50,22,50:22,109
50,23,50:23,-1
50,24,50:24,-1
50,25,50:25,16
50,26,50:26,-1
50,27,50:27,91
50,28,50:28,-1
50,29,50:29,16
50,30,50:30,-1
50,31,50:31,3
50,32,50:32,-1
50,33,50:33,-1
50,34,50:34,8
50,35,50:35,-1
50,36,50:36,35
50,37,50:37,29
50,38,50:38,116
50,39,50:39,86
50,40,50:40,104
50,41,50:41,-1
50,42,50:42,8
50,43,50:43,11
50,44,50:44,-1
50,45,50:45,-1
51,1,51:1,-1
51,2,51:2,-1
51,3,51:3,6
51,4,51:4,48
51,5,51:5,85
51,6,51:6,59
51,7,51:7,-1
51,8,51:8,45
51,9,51:9,-1
51,10,51:10,-1
51,11,51:11,-1
51,12,51:12,-1
51,13,51:13,8
51,14,51:14,76
51,15,51:15,3
51,16,51:16,92
51,17,51:17,-1
51,18,51:18,-1
51,19,51:19,33
51,20,51:20,54
51,21,51:21,62
51,22,51:22,-1
51,23,51:23,85
51,24,51:24,-1
51,25,51:25,2
51,26,51:26,137
51,27,51:27,-1
51,28,51:28,-1
51,29,51:29,43
51,30,51:30,-1
51,31,51:31,137
51,32,51:32,18
51,33,51:33,17
51,34,51:34,-1
51,35,51:35,6
51,36,51:36,73
51,37,51:37,134
51,38,51:38,-1
51,39,51:39,-1
51,40,51:40,6
51,41,51:41,94
51,42,51:42,-1
51,43,51:43,-1
51,44,51:44,13
51,45,51:45,13
51,46,51:46,-1
51,47,51:47,-1
51,48,51:48,-1
51,49,51:49,-1
51,50,51:50,39
51,51,51:51,39
51,52,51:52,88
51,53,51:53,-1
51,54,51:54,12
51,55,51:55,29
51,56,51:56,-1
51,57,51:57,-1
51,58,51:58,129
51,59,51:59,122
51,60,51:60,38
52,1,52:1,22
52,2,52:2,22
52,3,52:3,-1
52,4,52:4,22
52,5,52:5,22
52,6,52:6,22
52,7,52:7,25
52,8,52:8,-1
52,9,52:9,8
52,10,52:10,50
52,11,52:11,82
52,12,52:12,-1
52,13,52:13,58
52,14,52:14,-1
52,15,52:15,30
52,16,52:16,-1
52,17,52:17,3
52,18,52:18,92
52,19,52:19,-1
52,20,52:20,-1
52,21,52:21,-1
52,22,52:22,-1
52,23,52:23,112
52,24,52:24,3
52,25,52:25,-1
52,26,52:26,40
52,27,52:27,130
52,28,52:28,51
52,29,52:29,-1
52,30,52:30,25
52,31,52:31,0
52,32,52:32,-1
52,33,52:33,-1
52,34,52:34,49
52,35,52:35,-1
52,36,52:36,-1
52,37,52:37,-1
52,38,52:38,-1
52,39,52:39,60
52,40,52:40,4
52,41,52:41,11
52,42,52:42,114
52,43,52:43,93
52,44,52:44,-1
52,45,52:45,-1
52,46,52:46,8
52,47,52:47,25
52,48,52:48,-1
52,49,52:49,-1
53,1,53:1,22
53,2,53:2,-1
53,3,53:3,15
53,4,53:4,51
53,5,53:5,97
53,6,53:6,-1
53,7,53:7,17
53,8,53:8,2
53,9,53:9,17
53,10,53:10,2
53,11,53:11,77
53,12,53:12,-1
53,13,53:13,-1
53,14,53:14,-1
53,15,53:15,3
53,16,53:16,17
53,17,53:17,-1
53,18,53:18,-1
53,19,53:19,56
53,20,53:20,84
53,21,53:21,-1
53,22,53:22,-1
53,23,53:23,75
53,24,53:24,-1
53,25,53:25,26
53,26,53:26,16
53,27,53:27,60
53,28,53:28,-1
53,29,53:29,-1
53,30,53:30,78
53,31,53:31,26
53,32,53:32,-1
53,33,53:33,59
53,34,53:34,2
53,35,53:35,15
53,36,53:36,7
53,37,53:37,-1
53,38,53:38,-1
53,39,53:39,16
53,40,53:40,-1
53,41,53:41,59
53,42,53:42,-1
53,43,53:43,15
53,44,53:44,-1
53,45,53:45,15
53,46,53:46,31
53,47,53:47,-1
53,48,53:48,15
53,49,53:49,15
53,50,53:50,94
53,51,53:51,55
53,52,53:52,-1
53,53,53:53,17
53,54,53:54,17
53,55,53:55,34
53,56,53:56,39
53,57,53:57,-1
53,58,53:58,1
53,59,53:59,-1
53,60,53:60,-1
53,61,53:61,-1
53,62,53:62,-1
54,1,54:1,-1
54,2,54:2,30
54,3,54:3,-1
54,4,54:4,-1
54,5,54:5,-1
54,6,54:6,12
54,7,54:7,-1
54,8,54:8,-1
54,9,54:9,57
54,10,54:10,2
54,11,54:11,17
54,12,54:12,-1
54,13,54:13,17
54,14,54:14,6
54,15,54:15,-1
54,16,54:16,-1
54,17,54:17,139
54,18,54:18,-1
54,19,54:19,-1
54,20,54:20,-1
54,21,54:21,-1
54,22,54:22,139
54,23,54:23,55
54,24,54:24,-1
54,25,54:25,-1
54,26,54:26,-1
54,27,54:27,-1
54,28,54:28,112
54,29,54:29,43
54,30,54:30,-1
54,31,54:31,-1
54,32,54:32,139
54,33,54:33,55
54,34,54:34,84
54,35,54:35,117
54,36,54:36,18
54,37,54:37,76
54,38,54:38,13
54,39,54:39,76
54,40,54:40,139
54,41,54:41,10
54,42,54:42,13
54,43,54:43,38
54,44,54:44,-1
54,45,54:45,-1
54,46,54:46,-1
54,47,54:47,136
54,48,54:48,-1
54,49,54:49,116
54,50,54:50,-1
54,51,54:51,35
54,52,54:52,-1
54,53,54:53,-1
54,54,54:54,3
54,55,54:55,-1
55,1,55:1,51
55,2,55:2,-1
55,3,55:3,31
55,4,55:4,97
55,5,55:5,-1
55,6,55:6,50
55,7,55:7,17
55,8,55:8,127
55,9,55:9,127
55,10,55:10,17
55,11,55:11,20
55,12,55:12,20
55,13,55:13,34
55,14,55:14,31
55,15,55:15,31
55,16,55:16,34
55,17,55:17,-1
55,18,55:18,34
55,19,55:19,6
55,20,55:20,-1
55,21,55:21,34
55,22,55:22,-1
55,23,55:23,34
55,24,55:24,6
55,25,55:25,34
55,26,55:26,-1
55,27,55:27,105
55,28,55:28,34
55,29,55:29,-1
55,30,55:30,34
55,31,55:31,-1
55,32,55:32,34
55,33,55:33,28
55,34,55:34,34
55,35,55:35,81
55,36,55:36,34
55,37,55:37,8
55,38,55:38,34
55,39,55:39,-1
55,40,55:40,34
55,41,55:41,76
55,42,55:42,34
55,43,55:43,25
55,44,55:44,96
55,45,55:45,34
55,46,55:46,-1
55,47,55:47,34
55,48,55:48,20
55,49,55:49,34
55,50,55:50,112
55,51,55:51,34
55,52,55:52,20
55,53,55:53,34
55,54,55:54,3
55,55,55:55,34
55,56,55:56,3
55,57,55:57,34
55,58,55:58,-1
55,59,55:59,34
55,60,55:60,117
55,61,55:61,34
55,62,55:62,20
55,63,55:63,34
55,64,55:64,-1
55,65,55:65,34
55,66,55:66,112
55,67,55:67,34
55,68,55:68,20
55,69,55:69,34
55,70,55:70,3
55,71,55:71,34
55,72,55:72,3
55,73,55:73,34
55,74,55:74,111
55,75,55:75,34
55,76,55:76,119
55,77,55:77,34
55,78,55:78,105
56,1,56:1,62
56,2,56:2,38
56,3,56:3,17
56,4,56:4,-1
56,5,56:5,50
56,6,56:6,-1
56,7,56:7,53
56,8,56:8,-1
56,9,56:9,-1
56,10,56:10,55
56,11,56:11,-1
56,12,56:12,-1
56,13,56:13,55
56,14,56:14,-1
56,15,56:15,-1
56,16,56:16,119
56,17,56:17,3
56,18,56:18,112
56,19,56:19,-1
56,20,56:20,20
56,21,56:21,-1
56,22,56:22,3
56,23,56:23,3
56,24,56:24,-1
56,25,56:25,42
56,26,56:26,118
56,27,56:27,-1
56,28,56:28,-1
56,29,56:29,20
56,30,56:30,-1
56,31,56:31,17
56,32,56:32,20
56,33,56:33,-1
56,34,56:34,-1
56,35,56:35,-1
56,36,56:36,-1
56,37,56:37,-1
56,38,56:38,-1
56,39,56:39,55
56,40,56:40,55
56,41,56:41,-1
56,42,56:42,69
56,43,56:43,-1
56,44,56:44,96
56,45,56:45,-1
56,46,56:46,-1
56,47,56:47,11
56,48,56:48,-1
56,49,56:49,-1
56,50,56:50,8
56,51,56:51,82
56,52,56:52,-1
56,53,56:53,-1
56,54,56:54,96
56,55,56:55,-1
56,56,56:56,-1
56,57,56:57,116
56,58,56:58,62
56,59,56:59,116
56,60,56:60,-1
56,61,56:61,-1
56,62,56:62,-1
56,63,56:63,-1
56,64,56:64,125
56,65,56:65,-1
56,66,56:66,4
56,67,56:67,-1
56,68,56:68,62
56,69,56:69,17
56,70,56:70,-1
56,71,56:71,-1
56,72,56:72,-1
56,73,56:73,29
56,74,56:74,105
56,75,56:75,22
56,76,56:76,47
56,77,56:77,1
56,78,56:78,-1
56,79,56:79,-1
56,80,56:80,51
56,81,56:81,-1
56,82,56:82,0
56,83,56:83,-1
56,84,56:84,62
56,85,56:85,-1
56,86,56:86,59
56,87,56:87,-1
56,88,56:88,99
56,89,56:89,3
56,90,56:90,-1
56,91,56:91,48
56,92,56:92,-1
56,93,56:93,96
56,94,56:94,58
56,95,56:95,85
56,96,56:96,105
57,1,57:1,26
57,2,57:2,15
57,3,57:3,15
57,4,57:4,100
57,5,57:5,26
57,6,57:6,68
57,7,57:7,4
57,8,57:8,1
57,9,57:9,-1
57,10,57:10,14
57,11,57:11,4
57,12,57:12,32
57,13,57:13,8
57,14,57:14,-1
57,15,57:15,81
57,16,57:16,12
57,17,57:17,113
57,18,57:18,4
57,19,57:19,-1
57,20,57:20,-1
57,21,57:21,44
57,22,57:22,113
57,23,57:23,65
57,24,57:24,4
57,25,57:25,28
57,26,57:26,-1
57,27,57:27,-1
57,28,57:28,44
57,29,57:29,-1
58,1,58:1,28
58,2,58:2,9
58,3,58:3,9
58,4,58:4,9
58,5,58:5,-1
58,6,58:6,-1
58,7,58:7,45
58,8,58:8,-1
58,9,58:9,12
58,10,58:10,-1
58,11,58:11,12
58,12,58:12,4
58,13,58:13,4
58,14,58:14,47
58,15,58:15,5
58,16,58:16,-1
58,17,58:17,4
58,18,58:18,-1
58,19,58:19,-1
58,20,58:20,133
58,21,58:21,-1
58,22,58:22,14
59,1,59:1,26
59,2,59:2,-1
59,3,59:3,130
59,4,59:4,5
59,5,59:5,-1
59,6,59:6,83
59,7,59:7,98
59,8,59:8,98
59,9,59:9,98
59,10,59:10,-1
59,11,59:11,-1
59,12,59:12,42
59,13,59:13,27
59,14,59:14,14
59,15,59:15,-1
59,16,59:16,-1
59,17,59:17,-1
59,18,59:18,12
59,19,59:19,-1
59,20,59:20,32
59,21,59:21,1
59,22,59:22,24
59,23,59:23,24
59,24,59:24,24
60,1,60:1,14
60,2,60:2,-1
60,3,60:3,-1
60,4,60:4,19
60,5,60:5,-1
60,6,60:6,12
60,7,60:7,44
60,8,60:8,14
60,9,60:9,14
60,10,60:10,9
60,11,60:11,9
60,12,60:12,9
60,13,60:13,14
61,1,61:1,26
61,2,61:2,38
61,3,61:3,-1
61,4,61:4,-1
61,5,61:5,-1
61,6,61:6,30
61,7,61:7,126
61,8,61:8,5
61,9,61:9,24
61,10,61:10,-1
61,11,61:11,4
61,12,61:12,32
61,13,61:13,72
61,14,61:14,80
62,1,62:1,26
62,2,62:2,67
62,3,62:3,15
62,4,62:4,-1
62,5,62:5,-1
62,6,62:6,0
62,7,62:7,-1
62,8,62:8,0
62,9,62:9,-1
62,10,62:10,23
62,11,62:11,0
63,1,63:1,-1
63,2,63:2,-1
63,3,63:3,-1
63,4,63:4,-1
63,5,63:5,5
63,6,63:6,21
63,7,63:7,4
63,8,63:8,128
63,9,63:9,4
63,10,63:10,72
63,11,63:11,72
64,1,64:1,26
64,2,64:2,24
64,3,64:3,15
64,4,64:4,27
64,5,64:5,-1
64,6,64:6,-1
64,7,64:7,0
64,8,64:8,-1
64,9,64:9,32
64,10,64:10,81
64,11,64:11,113
64,12,64:12,12
64,13,64:13,24
64,14,64:14,9
64,15,64:15,4
64,16,64:16,4
64,17,64:17,-1
64,18,64:18,15
65,1,65:1,9
65,2,65:2,72
65,3,65:3,-1
65,4,65:4,9
65,5,65:5,44
65,6,65:6,-1
65,7,65:7,4
65,8,65:8,35
65,9,65:9,-1
65,10,65:10,-1
65,11,65:11,3
65,12,65:12,100
66,1,66:1,9
66,2,66:2,47
66,3,66:3,-1
66,4,66:4,9
66,5,66:5,9
66,6,66:6,28
66,7,66:7,-1
66,8,66:8,-1
66,9,66:9,133
66,10,66:10,5
66,11,66:11,5
66,12,66:12,123
67,1,67:1,15
67,2,67:2,-1
67,3,67:3,116
67,4,67:4,-1
67,5,67:5,-1
67,6,67:6,25
67,7,67:7,96
67,8,67:8,39
67,9,67:9,40
67,10,67:10,40
67,11,67:11,58
67,12,67:12,-1
67,13,67:13,27
67,14,67:14,-1
67,15,67:15,-1
67,16,67:16,78
67,17,67:17,78
67,18,67:18,-1
67,19,67:19,-1
67,20,67:20,14
67,21,67:21,33
67,22,67:22,36
67,23,67:23,0
67,24,67:24,0
67,25,67:25,-1
67,26,67:26,0
67,27,67:27,42
67,28,67:28,0
67,29,67:29,0
67,30,67:30,0
68,1,68:1,1
68,2,68:2,-1
68,3,68:3,-1
68,4,68:4,-1
68,5,68:5,85
68,6,68:6,91
68,7,68:7,78
68,8,68:8,82
68,9,68:9,16
68,10,68:10,-1
68,11,68:11,16
68,12,68:12,-1
68,13,68:13,16
68,14,68:14,4
68,15,68:15,-1
68,16,68:16,71
68,17,68:17,20
68,18,68:18,127
68,19,68:19,-1
68,20,68:20,125
68,21,68:21,-1
68,22,68:22,20
68,23,68:23,-1
68,24,68:24,-1
68,25,68:25,-1
68,26,68:26,13
68,27,68:27,-1
68,28,68:28,19
68,29,68:29,18
68,30,68:30,-1
68,31,68:31,18
68,32,68:32,16
68,33,68:33,-1
68,34,68:34,3
68,35,68:35,136
68,36,68:36,-1
68,37,68:37,-1
68,38,68:38,-1
68,39,68:39,-1
68,40,68:40,49
68,41,68:41,-1
68,42,68:42,8
68,43,68:43,90
68,44,68:44,-1
68,45,68:45,114
68,46,68:46,4
68,47,68:47,11
68,48,68:48,12
68,49,68:49,6
68,50,68:50,-1
68,51,68:51,-1
68,52,68:52,29
69,1,69:1,62
69,2,69:2,62
69,3,69:3,62
69,4,69:4,55
69,5,69:5,94
69,6,69:6,94
69,7,69:7,-1
69,8,69:8,11
69,9,69:9,10
69,10,69:10,13
69,11,69:11,6
69,12,69:12,29
69,13,69:13,8
69,14,69:14,50
69,15,69:15,8
69,16,69:16,-1
69,17,69:17,48
69,18,69:18,109
69,19,69:19,59
69,20,69:20,85
69,21,69:21,65
69,22,69:22,-1
69,23,69:23,20
69,24,69:24,-1
69,25,69:25,59
69,26,69:26,-1
69,27,69:27,-1
69,28,69:28,4
69,29,69:29,-1
69,30,69:30,71
69,31,69:31,-1
69,32,69:32,31
69,33,69:33,-1
69,34,69:34,33
69,35,69:35,-1
69,36,69:36,-1
69,37,69:37,46
69,38,69:38,85
69,39,69:39,62
69,40,69:40,1
69,41,69:41,77
69,42,69:42,77
69,43,69:43,51
69,44,69:44,-1
69,45,69:45,-1
69,46,69:46,-1
69,47,69:47,-1
69,48,69:48,-1
69,49,69:49,82
69,50,69:50,-1
69,51,69:51,85
69,52,69:52,105
70,1,70:1,25
70,2,70:2,-1
70,3,70:3,1
70,4,70:4,8
70,5,70:5,42
70,6,70:6,48
70,7,70:7,48
70,8,70:8,50
70,9,70:9,50
70,10,70:10,-1
70,11,70:11,-1
70,12,70:12,6
70,13,70:13,6
70,14,70:14,-1
70,15,70:15,69
70,16,70:16,-1
70,17,70:17,-1
70,18,70:18,4
70,19,70:19,-1
70,20,70:20,16
70,21,70:21,16
70,22,70:22,89
70,23,70:23,89
70,24,70:24,-1
70,25,70:25,33
70,26,70:26,59
70,27,70:27,-1
70,28,70:28,25
70,29,70:29,-1
70,30,70:30,-1
70,31,70:31,87
70,32,70:32,89
70,33,70:33,-1
70,34,70:34,89
70,35,70:35,3
70,36,70:36,-1
70,37,70:37,119
70,38,70:38,3
70,39,70:39,-1
70,40,70:40,85
70,41,70:41,-1
70,42,70:42,-1
70,43,70:43,8
70,44,70:44,106
71,1,71:1,57
71,2,71:2,39
71,3,71:3,23
71,4,71:4,21
71,5,71:5,2
71,6,71:6,-1
71,7,71:7,-1
71,8,71:8,-1
71,9,71:9,-1
71,10,71:10,66
71,11,71:11,17
71,12,71:12,-1
71,13,71:13,24
71,14,71:14,-1
71,15,71:15,100
71,16,71:16,-1
71,17,71:17,26
71,18,71:18,11
71,19,71:19,26
71,20,71:20,36
71,21,71:21,57
71,22,71:22,114
71,23,71:23,19
71,24,71:24,-1
71,25,71:25,-1
71,26,71:26,57
71,27,71:27,-1
71,28,71:28,66
72,1,72:1,0
72,2,72:2,-1
72,3,72:3,-1
72,4,72:4,-1
72,5,72:5,-1
72,6,72:6,111
72,7,72:7,-1
72,8,72:8,-1
72,9,72:9,81
72,10,72:10,-1
72,11,72:11,53
72,12,72:12,28
72,13,72:13,36
72,14,72:14,52
72,15,72:15,58
72,16,72:16,73
72,17,72:17,29
72,18,72:18,41
72,19,72:19,-1
72,20,72:20,0
72,21,72:21,0
72,22,72:22,0
72,23,72:23,12
72,24,72:24,-1
72,25,72:25,0
72,26,72:26,15
72,27,72:27,67
72,28,72:28,29
73,1,73:1,-1
73,2,73:2,104
73,3,73:3,127
73,4,73:4,-1
73,5,73:5,25
73,6,73:6,68
73,7,73:7,-1
73,8,73:8,23
73,9,73:9,24
73,10,73:10,-1
73,11,73:11,-1
73,12,73:12,-1
73,13,73:13,-1
73,14,73:14,50
73,15,73:15,-1
73,16,73:16,10
73,17,73:17,-1
73,18,73:18,8
73,19,73:19,29
73,20,73:20,23
74,1,74:1,-1
74,2,74:2,-1
74,3,74:3,105
74,4,74:4,-1
74,5,74:5,-1
74,6,74:6,33
74,7,74:7,42
74,8,74:8,-1
74,9,74:9,8
74,10,74:10,38
74,11,74:11,-1
74,12,74:12,4
74,13,74:13,6
74,14,74:14,-1
74,15,74:15,118
74,16,74:16,-1
74,17,74:17,71
74,18,74:18,2
74,19,74:19,-1
74,20,74:20,-1
74,21,74:21,2
74,22,74:22,2
74,23,74:23,2
74,24,74:24,30
74,25,74:25,77
74,26,74:26,71
74,27,74:27,62
74,28,74:28,-1
74,29,74:29,-1
74,30,74:30,48
74,31,74:31,130
74,32,74:32,22
74,33,74:33,22
74,34,74:34,22
74,35,74:35,69
74,36,74:36,-1
74,37,74:37,-1
74,38,74:38,-1
74,39,74:39,-1
74,40,74:40,-1
74,41,74:41,136
74,42,74:42,-1
74,43,74:43,40
74,44,74:44,33
74,45,74:45,-1
74,46,74:46,59
74,47,74:47,85
74,48,74:48,42
74,49,74:49,-1
74,50,74:50,88
74,51,74:51,-1
74,52,74:52,-1
74,53,74:53,-1
74,54,74:54,139
74,55,74:55,29
74,56,74:56,21
75,1,75:1,8
75,2,75:2,11
75,3,75:3,11
75,4,75:4,-1
75,5,75:5,-1
75,6,75:6,-1
75,7,75:7,-1
75,8,75:8,22
75,9,75:9,-1
75,10,75:10,8
75,11,75:11,-1
75,12,75:12,3
75,13,75:13,8
75,14,75:14,-1
75,15,75:15,118
75,16,75:16,-1
75,17,75:17,118
75,18,75:18,-1
75,19,75:19,-1
75,20,75:20,85
75,21,75:21,-1
75,22,75:22,-1
75,23,75:23,92
75,24,75:24,-1
75,25,75:25,-1
75,26,75:26,-1
75,27,75:27,-1
75,28,75:28,-1
75,29,75:29,-1
75,30,75:30,8
75,31,75:31,38
75,32,75:32,2
75,33,75:33,2
75,34,75:34,-1
75,35,75:35,-1
75,36,75:36,33
75,37,75:37,31
75,38,75:38,31
75,39,75:39,31
75,40,75:40,11
76,1,76:1,-1
76,2,76:2,31
76,3,76:3,2
76,4,76:4,-1
76,5,76:5,112
76,6,76:6,112
76,7,76:7,-1
76,8,76:8,33
76,9,76:9,-1
76,10,76:10,-1
76,11,76:11,-1
76,12,76:12,3
76,13,76:13,-1
76,14,76:14,20
76,15,76:15,-1
76,16,76:16,3
76,17,76:17,112
76,18,76:18,-1
76,19,76:19,3
76,20,76:20,3
76,21,76:21,3
76,22,76:22,117
76,23,76:23,1
76,24,76:24,-1
76,25,76:25,23
76,26,76:26,104
76,27,76:27,38
76,28,76:28,-1
76,29,76:29,29
76,30,76:30,-1
76,31,76:31,-1
77,1,77:1,-1
77,2,77:2,-1
77,3,77:3,22
77,4,77:4,48
77,5,77:5,48
77,6,77:6,29
77,7,77:7,85
77,8,77:8,-1
77,9,77:9,8
77,10,77:10,50
77,11,77:11,8
77,12,77:12,82
77,13,77:13,8
77,14,77:14,8
77,15,77:15,82
77,16,77:16,35
77,17,77:17,-1
77,18,77:18,136
77,19,77:19,82
77,20,77:20,31
77,21,77:21,-1
77,22,77:22,85
77,23,77:23,-1
77,24,77:24,82
77,25,77:25,17
77,26,77:26,11
77,27,77:27,17
77,28,77:28,82
77,29,77:29,49
77,30,77:30,-1
77,31,77:31,-1
77,32,77:32,-1
77,33,77:33,-1
77,34,77:34,82
77,35,77:35,106
77,36,77:36,42
77,37,77:37,82
77,38,77:38,8
77,39,77:39,114
77,40,77:40,82
77,41,77:41,3
77,42,77:42,20
77,43,77:43,-1
77,44,77:44,117
77,45,77:45,82
77,46,77:46,-1
77,47,77:47,82
77,48,77:48,90
77,49,77:49,82
77,50,77:50,-1
78,1,78:1,-1
78,2,78:2,-1
78,3,78:3,-1
78,4,78:4,-1
78,5,78:5,-1
78,6,78:6,17
78,7,78:7,-1
78,8,78:8,-1
78,9,78:9,-1
78,10,78:10,-1
78,11,78:11,-1
78,12,78:12,-1
78,13,78:13,-1
78,14,78:14,17
78,15,78:15,125
78,16,78:16,20
78,17,78:17,8
78,18,78:18,8
78,19,78:19,8
78,20,78:20,50
78,21,78:21,-1
78,22,78:22,87
78,23,78:23,-1
78,24,78:24,96
78,25,78:25,96
78,26,78:26,59
78,27,78:27,13
78,28,78:28,53
78,29,78:29,-1
78,30,78:30,76
78,31,78:31,32
78,32,78:32,20
78,33,78:33,-1
78,34,78:34,-1
78,35,78:35,42
78,36,78:36,-1
78,37,78:37,-1
78,38,78:38,8
78,39,78:39,8
78,40,78:40,25
79,1,79:1,48
79,2,79:2,-1
79,3,79:3,22
79,4,79:4,-1
79,5,79:5,48
79,6,79:6,8
79,7,79:7,-1
79,8,79:8,8
79,9,79:9,-1
79,10,79:10,-1
79,11,79:11,11
79,12,79:12,49
79,13,79:13,-1
79,14,79:14,50
79,15,79:15,-1
79,16,79:16,2
79,17,79:17,10
79,18,79:18,0
79,19,79:19,78
79,20,79:20,-1
79,21,79:21,10
79,22,79:22,2
79,23,79:23,2
79,24,79:24,2
79,25,79:25,-1
79,26,79:26,86
79,27,79:27,100
79,28,79:28,17
79,29,79:29,-1
79,30,79:30,-1
79,31,79:31,20
79,32,79:32,17
79,33,79:33,-1
79,34,79:34,62
79,35,79:35,8
79,36,79:36,58
79,37,79:37,-1
79,38,79:38,-1
79,39,79:39,58
79,40,79:40,-1
79,41,79:41,-1
79,42,79:42,138
79,43,79:43,-1
79,44,79:44,-1
79,45,79:45,39
79,46,79:46,-1
80,1,80:1,2
80,2,80:2,2
80,3,80:3,-1
80,4,80:4,29
80,5,80:5,33
80,6,80:6,118
80,7,80:7,78
80,8,80:8,16
80,9,80:9,-1
80,10,80:10,118
80,11,80:11,-1
80,12,80:12,29
80,13,80:13,-1
80,14,80:14,-1
80,15,80:15,48
80,16,80:16,89
80,17,80:17,-1
80,18,80:18,31
80,19,80:19,31
80,20,80:20,2
80,21,80:21,11
80,22,80:22,11
80,23,80:23,-1
80,24,80:24,46
80,25,80:25,17
80,26,80:26,-1
80,27,80:27,-1
80,28,80:28,20
80,29,80:29,20
80,30,80:30,20
80,31,80:31,20
80,32,80:32,-1
80,33,80:33,8
80,34,80:34,8
80,35,80:35,6
80,36,80:36,6
80,37,80:37,8
80,38,80:38,-1
80,39,80:39,-1
80,40,80:40,-1
80,41,80:41,-1
80,42,80:42,-1
81,1,81:1,22
81,2,81:2,22
81,3,81:3,50
81,4,81:4,83
81,5,81:5,-1
81,6,81:6,50
81,7,81:7,-1
81,8,81:8,-1
81,9,81:9,-1
81,10,81:10,8
81,11,81:11,50
81,12,81:12,-1
81,13,81:13,8
81,14,81:14,109
81,15,81:15,22
81,16,81:16,-1
81,17,81:17,22
81,18,81:18,22
81,19,81:19,1
81,20,81:20,-1
81,21,81:21,15
81,22,81:22,-1
81,23,81:23,-1
81,24,81:24,15
81,25,81:25,1
81,26,81:26,-1
81,27,81:27,29
81,28,81:28,-1
81,29,81:29,-1
82,1,82:1,50
82,2,82:2,-1
82,3,82:3,50
82,4,82:4,-1
82,5,82:5,109
82,6,82:6,16
82,7,82:7,31
82,8,82:8,31
82,9,82:9,59
82,10,82:10,-1
82,11,82:11,-1
82,12,82:12,-1
82,13,82:13,-1
82,14,82:14,58
82,15,82:15,69
82,16,82:16,-1
82,17,82:17,-1
82,18,82:18,-1
82,19,82:19,8
83,1,83:1,16
83,2,83:2,127
83,3,83:3,127
83,4,83:4,11
83,5,83:5,-1
83,6,83:6,8
83,7,83:7,-1
83,8,83:8,62
83,9,83:9,-1
83,10,83:10,82
83,11,83:11,59
83,12,83:12,38
83,13,83:13,-1
83,14,83:14,-1
83,15,83:15,-1
83,16,83:16,69
83,17,83:17,49
83,18,83:18,-1
83,19,83:19,62
83,20,83:20,-1
83,21,83:21,-1
83,22,83:22,-1
83,23,83:23,119
83,24,83:24,-1
83,25,83:25,112
83,26,83:26,-1
83,27,83:27,-1
83,28,83:28,112
83,29,83:29,-1
83,30,83:30,-1
83,31,83:31,13
83,32,83:32,88
83,33,83:33,-1
83,34,83:34,38
83,35,83:35,119
83,36,83:36,38
84,1,84:1,50
84,2,84:2,-1
84,3,84:3,50
84,4,84:4,-1
84,5,84:5,-1
84,6,84:6,51
84,7,84:7,59
84,8,84:8,59
84,9,84:9,71
84,10,84:10,59
84,11,84:11,71
84,12,84:12,69
84,13,84:13,97
84,14,84:14,-1
84,15,84:15,97
84,16,84:16,22
84,17,84:17,22
84,18,84:18,22
84,19,84:19,-1
84,20,84:20,-1
84,21,84:21,90
84,22,84:22,38
84,23,84:23,45
84,24,84:24,-1
84,25,84:25,-1
85,1,85:1,22
85,2,85:2,22
85,3,85:3,22
85,4,85:4,55
85,5,85:5,-1
85,6,85:6,119
85,7,85:7,13
85,8,85:8,5
85,9,85:9,26
85,10,85:10,25
85,11,85:11,3
85,12,85:12,25
85,13,85:13,-1
85,14,85:14,15
85,15,85:15,-1
85,16,85:16,-1
85,17,85:17,-1
85,18,85:18,-1
85,19,85:19,38
85,20,85:20,75
85,21,85:21,1
85,22,85:22,-1
86,1,86:1,22
86,2,86:2,-1
86,3,86:3,-1
86,4,86:4,-1
86,5,86:5,31
86,6,86:6,31
86,7,86:7,-1
86,8,86:8,-1
86,9,86:9,8
86,10,86:10,-1
86,11,86:11,22
86,12,86:12,22
86,13,86:13,1
86,14,86:14,-1
86,15,86:15,114
86,16,86:16,114
86,17,86:17,38
87,1,87:1,105
87,2,87:2,-1
87,3,87:3,2
87,4,87:4,20
87,5,87:5,-1
87,6,87:6,-1
87,7,87:7,45
87,8,87:8,-1
87,9,87:9,29
87,10,87:10,-1
87,11,87:11,-1
87,12,87:12,69
87,13,87:13,11
87,14,87:14,-1
87,15,87:15,89
87,16,87:16,-1
87,17,87:17,-1
87,18,87:18,-1
87,19,87:19,7
88,1,88:1,-1
88,2,88:2,-1
88,3,88:3,-1
88,4,88:4,69
88,5,88:5,96
88,6,88:6,-1
88,7,88:7,33
88,8,88:8,-1
88,9,88:9,-1
88,10,88:10,20
88,11,88:11,42
88,12,88:12,112
88,13,88:13,119
88,14,88:14,119
88,15,88:15,119
88,16,88:16,119
88,17,88:17,83
88,18,88:18,-1
88,19,88:19,-1
88,20,88:20,22
88,21,88:21,-1
88,22,88:22,-1
88,23,88:23,38
88,24,88:24,71
88,25,88:25,-1
88,26,88:26,-1
89,1,89:1,22
89,2,89:2,22
89,3,89:3,22
89,4,89:4,22
89,5,89:5,47
89,6,89:6,94
89,7,89:7,-1
89,8,89:8,-1
89,9,89:9,55
89,10,89:10,10
89,11,89:11,-1
89,12,89:12,13
89,13,89:13,13
89,14,89:14,-1
89,15,89:15,-1
89,16,89:16,-1
89,17,89:17,33
89,18,89:18,33
89,19,89:19,-1
89,20,89:20,4
89,21,89:21,50
89,22,89:22,48
89,23,89:23,109
89,24,89:24,71
89,25,89:25,-1
89,26,89:26,-1
89,27,89:27,-1
89,28,89:28,-1
89,29,89:29,-1
89,30,89:30,3
90,1,90:1,41
90,2,90:2,-1
90,3,90:3,-1
90,4,90:4,-1
90,5,90:5,-1
90,6,90:6,4
90,7,90:7,-1
90,8,90:8,-1
90,9,90:9,31
90,10,90:10,118
90,11,90:11,-1
90,12,90:12,-1
90,13,90:13,-1
90,14,90:14,-1
90,15,90:15,33
90,16,90:16,33
90,17,90:17,16
90,18,90:18,-1
90,19,90:19,134
90,20,90:20,58
91,1,91:1,22
91,2,91:2,22
91,3,91:3,22
91,4,91:4,22
91,5,91:5,-1
91,6,91:6,-1
91,7,91:7,-1
91,8,91:8,-1
91,9,91:9,-1
91,10,91:10,13
91,11,91:11,55
91,12,91:12,13
91,13,91:13,83
91,14,91:14,13
91,15,91:15,-1
92,1,92:1,22
92,2,92:2,22
92,3,92:3,-1
92,4,92:4,-1
92,5,92:5,-1
92,6,92:6,-1
92,7,92:7,-1
92,8,92:8,33
92,9,92:9,117
92,10,92:10,-1
92,11,92:11,4
92,12,92:12,-1
92,13,92:13,11
92,14,92:14,-1
92,15,92:15,69
92,16,92:16,49
92,17,92:17,-1
92,18,92:18,33
92,19,92:19,-1
92,20,92:20,78
92,21,92:21,-1
93,1,93:1,22
93,2,93:2,22
93,3,93:3,-1
93,4,93:4,11
93,5,93:5,-1
93,6,93:6,33
93,7,93:7,2
93,8,93:8,33
93,9,93:9,33
93,10,93:10,-1
93,11,93:11,16
94,1,94:1,27
94,2,94:2,-1
94,3,94:3,-1
94,4,94:4,-1
94,5,94:5,-1
94,6,94:6,-1
94,7,94:7,23
94,8,94:8,-1
95,1,95:1,22
95,2,95:2,22
95,3,95:3,22
95,4,95:4,31
95,5,95:5,-1
95,6,95:6,-1
95,7,95:7,59
95,8,95:8,126
96,1,96:1,105
96,2,96:2,31
96,3,96:3,105
96,4,96:4,1
96,5,96:5,97
96,6,96:6,87
96,7,96:7,33
96,8,96:8,-1
96,9,96:9,59
96,10,96:10,89
96,11,96:11,-1
96,12,96:12,32
96,13,96:13,118
96,14,96:14,-1
96,15,96:15,71
96,16,96:16,76
96,17,96:17,118
96,18,96:18,-1
96,19,96:19,12
97,1,97:1,1
97,2,97:2,8
97,3,97:3,8
97,4,97:4,-1
97,5,97:5,-1
98,1,98:1,53
98,2,98:2,-1
98,3,98:3,-1
98,4,98:4,-1
98,5,98:5,93
98,6,98:6,25
98,7,98:7,32
98,8,98:8,-1
99,1,99:1,-1
99,2,99:2,50
99,3,99:3,-1
99,4,99:4,8
99,5,99:5,65
99,6,99:6,109
99,7,99:7,29
99,8,99:8,-1
100,1,100:1,-1
100,2,100:2,-1
100,3,100:3,22
100,4,100:4,-1
100,5,100:5,-1
100,6,100:6,16
100,7,100:7,-1
100,8,100:8,4
100,9,100:9,11
100,10,100:10,27
100,11,100:11,-1
101,1,101:1,62
101,2,101:2,62
101,3,101:3,62
101,4,101:4,8
101,5,101:5,50
101,6,101:6,-1
101,7,101:7,-1
101,8,101:8,-1
101,9,101:9,-1
101,10,101:10,62
101,11,101:11,69
102,1,102:1,-1
102,2,102:2,-1
102,3,102:3,-1
102,4,102:4,-1
102,5,102:5,-1
102,6,102:6,58
102,7,102:7,85
102,8,102:8,-1
103,1,103:1,22
103,2,103:2,-1
103,3,103:3,-1
104,1,104:1,135
104,2,104:2,4
104,3,104:3,4
104,4,104:4,71
104,5,104:5,62
104,6,104:6,69
104,7,104:7,-1
104,8,104:8,58
104,9,104:9,-1
105,1,105:1,-1
105,2,105:2,114
105,3,105:3,2
105,4,105:4,17
105,5,105:5,-1
106,1,106:1,-1
106,2,106:2,-1
106,3,106:3,124
106,4,106:4,63
107,1,107:1,59
107,2,107:2,33
107,3,107:3,33
107,4,107:4,89
107,5,107:5,89
107,6,107:6,109
107,7,107:7,-1
108,1,108:1,-1
108,2,108:2,23
108,3,108:3,-1
109,1,109:1,0
109,2,109:2,103
109,3,109:3,103
109,4,109:4,103
109,5,109:5,103
109,6,109:6,-1
110,1,110:1,8
110,2,110:2,-1
110,3,110:3,66
111,1,111:1,-1
111,2,111:2,4
111,3,111:3,69
111,4,111:4,6
111,5,111:5,-1
112,1,112:1,0
112,2,112:2,24
112,3,112:3,31
112,4,112:4,36
113,1,113:1,0
113,2,113:2,31
113,3,113:3,-1
113,4,113:4,-1
113,5,113:5,16
114,1,114:1,0
114,2,114:2,15
114,3,114:3,24
114,4,114:4,48
114,5,114:5,27
114,6,114:6,111
