Topic,Count,Name,Representation,Representative_Docs
-1,2336,-1_will_it_we_for,"['will', 'it', 'we', 'for', 'not', 'be', 'their', 'in', 'from', 'have']","['And if We had decreed upon them, ""Kill yourselves"" or ""Leave your homes,"" they would not have done it, except for a few of them. But if they had done what they were instructed, it would have been better for them and a firmer position [for them in faith].', 'And if those who did wrong had all that is in the earth entirely and the like of it with it, they would [attempt to] ransom themselves thereby from the worst of the punishment on the Day of Resurrection. And there will appear to them from Allah that which they had not taken into account.', 'And, [O Muhammad], warn the people of a Day when the punishment will come to them and those who did wrong will say, ""Our Lord, delay us for a short term; we will answer Your call and follow the messengers."" [But it will be said], ""Had you not sworn, before, that for you there would be no cessation?']"
0,199,0_muhammad_allah_if_or,"['muhammad', 'allah', 'if', 'or', 'only', 'have considered', 'am', 'revealed', 'should', 'lord']","['Say, [O believers], ""We have believed in Allah and what has been revealed to us and what has been revealed to Abraham and Ishmael and Isaac and Jacob and the Descendants and what was given to Moses and Jesus and what was given to the prophets from their Lord. We make no distinction between any of them, and we are Muslims [in submission] to Him.""', 'Say, [O Muhammad], ""Have you considered that which you invoke besides Allah? Show me what they have created of the earth; or did they have partnership in [creation of] the heavens? Bring me a scripture [revealed] before this or a [remaining] trace of knowledge, if you should be truthful.""', 'So to that [religion of Allah] invite, [O Muhammad], and remain on a right course as you are commanded and do not follow their inclinations but say, ""I have believed in what Allah has revealed of the Qur\'an, and I have been commanded to do justice among you. Allah is our Lord and your Lord. For us are our deeds, and for you your deeds. There is no [need for] argument between us and you. Allah will bring us together, and to Him is the [final] destination.""']"
1,122,1_qur_qur an_an_book,"['qur', 'qur an', 'an', 'book', 'this qur', 'verses', 'we have', 'muhammad', 'down', 'sent']","[""Alif, Lam, Ra. These are the verses of the Book and a clear Qur'an."", ""Ta, Seen. These are the verses of the Qur'an and a clear Book"", ""By the wise Qur'an.""]"
2,96,2_my lord_my_me_lord,"['my lord', 'my', 'me', 'lord', 'turned', 'my people', 'people', 'do worship', 'turned away', 'father']","['And he turned away from them and said, ""O my people, I had certainly conveyed to you the message of my Lord and advised you, but you do not like advisors.""', 'He said, ""My Lord, support me against the corrupting people.""', 'And he raised his parents upon the throne, and they bowed to him in prostration. And he said, ""O my father, this is the explanation of my vision of before. My Lord has made it reality. And He was certainly good to me when He took me out of prison and brought you [here] from bedouin life after Satan had induced [estrangement] between me and my brothers. Indeed, my Lord is Subtle in what He wills. Indeed, it is He who is the Knowing, the Wise.']"
3,87,3_gardens_rivers_righteous_flow,"['gardens', 'rivers', 'righteous', 'flow', 'rivers flow', 'which rivers', 'paradise', 'beneath', 'beneath which', 'gardens beneath']","['Gardens of perpetual residence, which they will enter, beneath which rivers flow. They will have therein whatever they wish. Thus does Allah reward the righteous -', 'Indeed, those who have believed and done righteous deeds will have gardens beneath which rivers flow. That is the great attainment.', 'Indeed, Allah will admit those who believe and do righteous deeds to gardens beneath which rivers flow. They will be adorned therein with bracelets of gold and pearl, and their garments therein will be silk.']"
4,83,4_wealth_spend_their wealth_allah,"['wealth', 'spend', 'their wealth', 'allah', 'interest', 'let', 'write', 'reward', 'who', 'way allah']","['Those who spend their wealth in the way of Allah and then do not follow up what they have spent with reminders [of it] or [other] injury will have their reward with their Lord, and there will be no fear concerning them, nor will they grieve.', 'And collected [wealth] and hoarded.', 'Who collects wealth and [continuously] counts it.']"
5,80,5_because_that because_allah_their,"['because', 'that because', 'allah', 'their', 'disbelieved', 'allah has', 'hearts', 'that', 'believe', 'their hearts']","['That is because they opposed Allah and His Messenger. And whoever opposes Allah and His Messenger - indeed, Allah is severe in penalty.', 'They have been put under humiliation [by Allah] wherever they are overtaken, except for a covenant from Allah and a rope from the Muslims. And they have drawn upon themselves anger from Allah and have been put under destitution. That is because they disbelieved in the verses of Allah and killed the prophets without right. That is because they disobeyed and [habitually] transgressed.', 'And [We cursed them] for their breaking of the covenant and their disbelief in the signs of Allah and their killing of the prophets without right and their saying, ""Our hearts are wrapped"". Rather, Allah has sealed them because of their disbelief, so they believe not, except for a few.']"
6,80,6_saved_we saved_ship_drowned,"['saved', 'we saved', 'ship', 'drowned', 'so we', 'we drowned', 'sea', 'we', 'him family', 'then we']","['And they denied him, so We saved him and those with him in the ship and made them successors, and We drowned those who denied Our signs. Then see how was the end of those who were warned.', 'So We saved him and those with him in the laden ship.', 'But they denied him, so We saved him and those who were with him in the ship. And We drowned those who denied Our signs. Indeed, they were a blind people.']"
7,75,7_moses_aaron_children israel_israel,"['moses', 'aaron', 'children israel', 'israel', 'children', 'calf', 'my', 'me', 'moses aaron', 'took']","['And We certainly gave Moses the Scripture, so do not be in doubt over his meeting. And we made the Torah guidance for the Children of Israel.', 'The Lord of Moses and Aaron.""', 'The Lord of Moses and Aaron.""']"
8,71,8_day_that day_horn_blown,"['day', 'that day', 'horn', 'blown', 'will be', 'day when', 'will', 'day will', 'soul will', 'blast']","['And the Horn will be blown. That is the Day of [carrying out] the threat.', 'The Day the Horn will be blown. And We will gather the criminals, that Day, blue-eyed.', 'That Day will be a difficult day']"
9,70,9_wives_women_marry_lawful,"['wives', 'women', 'marry', 'lawful', 'houses', 'marriage', 'your', 'believing', 'your wives', 'months']","['O you who have believed, when the believing women come to you as emigrants, examine them. Allah is most knowing as to their faith. And if you know them to be believers, then do not return them to the disbelievers; they are not lawful [wives] for them, nor are they lawful [husbands] for them. But give the disbelievers what they have spent. And there is no blame upon you if you marry them when you have given them their due compensation. And hold not to marriage bonds with disbelieving women, but ask for what you have spent and let them ask for what they have spent. That is the judgement of Allah; He judges between you. And Allah is Knowing and Wise.', 'O Prophet, indeed We have made lawful to you your wives to whom you have given their due compensation and those your right hand possesses from what Allah has returned to you [of captives] and the daughters of your paternal uncles and the daughters of your paternal aunts and the daughters of your maternal uncles and the daughters of your maternal aunts who emigrated with you and a believing woman if she gives herself to the Prophet [and] if the Prophet wishes to marry her, [this is] only for you, excluding the [other] believers. We certainly know what We have made obligatory upon them concerning their wives and those their right hands possess, [but this is for you] in order that there will be upon you no discomfort. And ever is Allah Forgiving and Merciful.', 'And whoever among you cannot [find] the means to marry free, believing women, then [he may marry] from those whom your right hands possess of believing slave girls. And Allah is most knowing about your faith. You [believers] are of one another. So marry them with the permission of their people and give them their due compensation according to what is acceptable. [They should be] chaste, neither [of] those who commit unlawful intercourse randomly nor those who take [secret] lovers. But once they are sheltered in marriage, if they should commit adultery, then for them is half the punishment for free [unmarried] women. This [allowance] is for him among you who fears sin, but to be patient is better for you. And Allah is Forgiving and Merciful.']"
10,61,10_pharaoh_people pharaoh_moses_people,"['pharaoh', 'people pharaoh', 'moses', 'people', 'in land', 'magician', 'eminent', 'haughty', 'soldiers', 'for me']","['And there certainly came to the people of Pharaoh warning.', 'Said Pharaoh, ""And what is the Lord of the worlds?""', 'To Pharaoh and his establishment, but they followed the command of Pharaoh, and the command of Pharaoh was not [at all] discerning.']"
11,61,11_resurrected_bones_life_dust,"['resurrected', 'bones', 'life', 'dust', 'have died', 'dead', 'when we', 'die', 'died', 'we']","['And they used to say, ""When we die and become dust and bones, are we indeed to be resurrected?', 'When we have died and become dust and bones, are we indeed to be resurrected?', 'They said, ""When we have died and become dust and bones, are we indeed to be resurrected?']"
12,60,12_have believed_who have_messenger_obey,"['have believed', 'who have', 'messenger', 'obey', 'believed', 'notification', 'believed fear', 'fear allah', 'obey allah', 'obey messenger']","['And obey Allah and obey the Messenger; but if you turn away - then upon Our Messenger is only [the duty of] clear notification.', 'O you who have believed, obey Allah and obey the Messenger and those in authority among you. And if you disagree over anything, refer it to Allah and the Messenger, if you should believe in Allah and the Last Day. That is the best [way] and best in result.', 'And obey Allah and obey the Messenger and beware. And if you turn away - then know that upon Our Messenger is only [the responsibility for] clear notification.']"
13,58,13_sign but_that sign_be believers_in that,"['sign but', 'that sign', 'be believers', 'in that', 'seized', 'sign', 'but most', 'who wronged', 'believers', 'which had']","['Indeed in that is a sign, but most of them were not to be believers.', 'Indeed in that is a sign, but most of them were not to be believers.', 'And the punishment seized them. Indeed in that is a sign, but most of them were not to be believers.']"
14,58,14_fight_allies_fighting_in cause,"['fight', 'allies', 'fighting', 'in cause', 'cause allah', 'cause', 'fought', 'if', 'allah', 'take']","['And kill them wherever you overtake them and expel them from wherever they have expelled you, and fitnah is worse than killing. And do not fight them at al-Masjid al- Haram until they fight you there. But if they fight you, then kill them. Such is the recompense of the disbelievers.', 'Except for those who take refuge with a people between yourselves and whom is a treaty or those who come to you, their hearts strained at [the prospect of] fighting you or fighting their own people. And if Allah had willed, He could have given them power over you, and they would have fought you. So if they remove themselves from you and do not fight you and offer you peace, then Allah has not made for you a cause [for fighting] against them.', 'Those who believe fight in the cause of Allah, and those who disbelieve fight in the cause of Taghut. So fight against the allies of Satan. Indeed, the plot of Satan has ever been weak.']"
15,55,15_heavens_heavens earth_earth_exalted,"['heavens', 'heavens earth', 'earth', 'exalted', 'unseen', 'knower unseen', 'knower', 'him belongs', 'it who', 'unseen witnessed']","['That is the Knower of the unseen and the witnessed, the Exalted in Might, the Merciful,', 'Knower of the unseen and the witnessed, the Exalted in Might, the Wise.', 'And it is He who created the heavens and earth in truth. And the day He says, ""Be,"" and it is, His word is the truth. And His is the dominion [on] the Day the Horn is blown. [He is] Knower of the unseen and the witnessed; and He is the Wise, the Acquainted.']"
16,53,16_touches_ungrateful_evil_man,"['touches', 'ungrateful', 'evil', 'man', 'favor', 'intercession', 'good', 'touches him', 'when adversity', 'adversity touches']","['And when We bestow favor upon man, he turns away and distances himself; but when evil touches him, then he is full of extensive supplication.', 'And when adversity touches you at sea, lost are [all] those you invoke except for Him. But when He delivers you to the land, you turn away [from Him]. And ever is man ungrateful.', 'And when adversity touches man, he calls upon Us; then when We bestow on him a favor from Us, he says, ""I have only been given it because of [my] knowledge."" Rather, it is a trial, but most of them do not know.']"
17,50,17_rain_firmly_firmly set_set mountains,"['rain', 'firmly', 'firmly set', 'set mountains', 'down', 'stones', 'mountains', 'set', 'from sky', 'down rain']","['And He has cast into the earth firmly set mountains, lest it shift with you, and [made] rivers and roads, that you may be guided,', 'And the earth - We spread it out and cast therein firmly set mountains and made grow therein [something] of every beautiful kind,', 'He created the heavens without pillars that you see and has cast into the earth firmly set mountains, lest it should shift with you, and dispersed therein from every creature. And We sent down rain from the sky and made grow therein [plants] of every noble kind.']"
18,49,18_us_our_we_fathers,"['us', 'our', 'we', 'fathers', 'our gods', 'not desist', 'wrongdoers', 'if do', 'gods', 'desist']","['They said, ""Our Lord, we have wronged ourselves, and if You do not forgive us and have mercy upon us, we will surely be among the losers.""', 'And their words were not but that they said, ""Our Lord, forgive us our sins and the excess [committed] in our affairs and plant firmly our feet and give us victory over the disbelieving people.""', 'And We divided them into twelve descendant tribes [as distinct] nations. And We inspired to Moses when his people implored him for water, ""Strike with your staff the stone,"" and there gushed forth from it twelve springs. Every people knew its watering place. And We shaded them with clouds and sent down upon them manna and quails, [saying], ""Eat from the good things with which We have provided you."" And they wronged Us not, but they were [only] wronging themselves.']"
19,47,19_abraham_worship allah_worship_deity other,"['abraham', 'worship allah', 'worship', 'deity other', 'brother', 'allah have', 'sent', 'not fear', 'we sent', 'than him']","['And We had certainly sent Noah to his people, and he said, ""O my people, worship Allah; you have no deity other than Him; then will you not fear Him?""', 'And to \'Aad [We sent] their brother Hud. He said, ""O my people, worship Allah; you have no deity other than Him. You are not but inventors [of falsehood].', 'And to the \'Aad [We sent] their brother Hud. He said, ""O my people, worship Allah; you have no deity other than Him. Then will you not fear Him?""']"
20,47,20_fruit_palm_trees_gardens,"['fruit', 'palm', 'trees', 'gardens', 'palm trees', 'grapevines', 'springs', 'fruits', 'its fruit', 'crops']","['In both of them are fruit and palm trees and pomegranates.', 'And fields of crops and palm trees with softened fruit?', 'Therein is fruit and palm trees having sheaths [of dates]']"
21,46,21_forgiving_allah forgiving_forgiving merciful_merciful,"['forgiving', 'allah forgiving', 'forgiving merciful', 'merciful', 'repent', 'whom wills', 'forgives', 'repentance', 'forgiveness', 'wills']","['But whoever repents after his wrongdoing and reforms, indeed, Allah will turn to him in forgiveness. Indeed, Allah is Forgiving and Merciful.', 'Except for those who return [repenting] before you apprehend them. And know that Allah is Forgiving and Merciful.', 'And to Allah belongs the dominion of the heavens and the earth. He forgives whom He wills and punishes whom He wills. And ever is Allah Forgiving and Merciful.']"
22,45,22_by_when it_by night_night,"['by', 'when it', 'by night', 'night', 'stars', 'covers', 'moon', 'dawn', 'it by', 'swear by']","['By the night when it covers', 'And [by] the night when it covers it', 'And [by] the night when it passes,']"
23,44,23_prayer_help_establish_establish prayer,"['prayer', 'help', 'establish', 'establish prayer', 'prayer give', 'give zakah', 'zakah', 'suffering', 'protector', 'can']","['And strive for Allah with the striving due to Him. He has chosen you and has not placed upon you in the religion any difficulty. [It is] the religion of your father, Abraham. Allah named you ""Muslims"" before [in former scriptures] and in this [revelation] that the Messenger may be a witness over you and you may be witnesses over the people. So establish prayer and give zakah and hold fast to Allah. He is your protector; and excellent is the protector, and excellent is the helper.', 'And establish prayer and give zakah, and whatever good you put forward for yourselves - you will find it with Allah. Indeed, Allah of what you do, is Seeing.', ""Indeed, your Lord knows, [O Muhammad], that you stand [in prayer] almost two thirds of the night or half of it or a third of it, and [so do] a group of those with you. And Allah determines [the extent of] the night and the day. He has known that you [Muslims] will not be able to do it and has turned to you in forgiveness, so recite what is easy [for you] of the Qur'an. He has known that there will be among you those who are ill and others traveling throughout the land seeking [something] of the bounty of Allah and others fighting for the cause of Allah. So recite what is easy from it and establish prayer and give zakah and loan Allah a goodly loan. And whatever good you put forward for yourselves - you will find it with Allah. It is better and greater in reward. And seek forgiveness of Allah. Indeed, Allah is Forgiving and Merciful.""]"
24,44,24_deity_no deity_deity except_except him,"['deity', 'no deity', 'deity except', 'except him', 'there no', 'there', 'allah there', 'no', 'except', 'god']","['That is Allah, your Lord, Creator of all things; there is no deity except Him, so how are you deluded?', 'Allah - there is no deity except Him, the Ever-Living, the Sustainer of existence.', 'Allah witnesses that there is no deity except Him, and [so do] the angels and those of knowledge - [that He is] maintaining [creation] in justice. There is no deity except Him, the Exalted in Might, the Wise.']"
25,43,25_punishment_hell_lightened_hell will,"['punishment', 'hell', 'lightened', 'hell will', 'abiding eternally', 'punishment will', 'will', 'curse', 'abiding', 'severe']","['And for those who disbelieve will be the fire of Hell. [Death] is not decreed for them so they may die, nor will its torment be lightened for them. Thus do we recompense every ungrateful one.', 'Abiding eternally therein. The punishment will not be lightened for them, nor will they be reprieved.', 'Abiding eternally therein. The punishment will not be lightened for them, nor will they be reprieved.']"
26,42,26_whatever in_whatever_heavens_in heavens,"['whatever in', 'whatever', 'heavens', 'in heavens', 'belongs', 'allah belongs', 'earth', 'belongs whatever', 'heavens whatever', 'heavens earth']","['To Allah belongs whatever is in the heavens and whatever is on the earth. And to Allah will [all] matters be returned.', 'And to Allah belongs whatever is in the heavens and whatever is on the earth. And ever is Allah, of all things, encompassing.', 'And to Allah belongs whatever is in the heavens and whatever is on the earth. And We have instructed those who were given the Scripture before you and yourselves to fear Allah. But if you disbelieve - then to Allah belongs whatever is in the heavens and whatever is on the earth. And ever is Allah Free of need and Praiseworthy.']"
27,39,27_breasts_within breasts_that within_knowing that,"['breasts', 'within breasts', 'that within', 'knowing that', 'within', 'conceal', 'their breasts', 'knowing', 'knows', 'breast']","['And conceal your speech or publicize it; indeed, He is Knowing of that within the breasts.', 'He knows what is within the heavens and earth and knows what you conceal and what you declare. And Allah is Knowing of that within the breasts.', 'Unquestionably, they the disbelievers turn away their breasts to hide themselves from Him. Unquestionably, [even] when they cover themselves in their clothing, Allah knows what they conceal and what they declare. Indeed, He is Knowing of that within the breasts.']"
28,39,28_allah hearing_hearing_hearing knowing_knowing,"['allah hearing', 'hearing', 'hearing knowing', 'knowing', 'allah', 'change', 'way allah', 'from satan', 'armies', 'remember']","['And if they decide on divorce - then indeed, Allah is Hearing and Knowing.', 'And if there comes to you from Satan an evil suggestion, then seek refuge in Allah. Indeed, He is the Hearing, the Knowing.', 'And if an evil suggestion comes to you from Satan, then seek refuge in Allah. Indeed, He is Hearing and Knowing.']"
29,37,29_reminder_may_whoever wills_as guidance,"['reminder', 'may', 'whoever wills', 'as guidance', 'reminder for', 'remember', 'so whoever', 'it so', 'may take', 'for reminder']","['As guidance and a reminder for those of understanding.', 'Indeed, this is a reminder, so he who wills may take to his Lord a way.', 'Indeed, this is a reminder, so whoever wills may take to his Lord a way.']"
30,37,30_magic_throw_obvious magic_moses,"['magic', 'throw', 'obvious magic', 'moses', 'obvious', 'this not', 'by magic', 'magicians', 'this', 'came']","['And said, ""This is not but magic imitated [from others].', 'And when our verses are recited to them as clear evidences, they say, ""This is not but a man who wishes to avert you from that which your fathers were worshipping."" And they say, ""This is not except a lie invented."" And those who disbelieve say of the truth when it has come to them, ""This is not but obvious magic.""', 'And say, ""This is not but obvious magic.']"
31,36,31_created_sperm_sperm drop_drop,"['created', 'sperm', 'sperm drop', 'drop', 'man', 'man from', 'clay', 'proportioned', 'create', 'from sperm']","['From a sperm-drop He created him and destined for him;', 'Indeed, We created man from a sperm-drop mixture that We may try him; and We made him hearing and seeing.', 'He created man from a sperm-drop; then at once, he is a clear adversary.']"
32,36,32_paradise_righteous deeds_attainment_deeds,"['paradise', 'righteous deeds', 'attainment', 'deeds', 'righteous', 'great attainment', 'believer', 'will abide', 'believed done', 'done righteous']","['Indeed, they who have believed and done righteous deeds and humbled themselves to their Lord - those are the companions of Paradise; they will abide eternally therein.', 'The Day He will assemble you for the Day of Assembly - that is the Day of Deprivation. And whoever believes in Allah and does righteousness - He will remove from him his misdeeds and admit him to gardens beneath which rivers flow, wherein they will abide forever. That is the great attainment.', 'Allah will say, ""This is the Day when the truthful will benefit from their truthfulness."" For them are gardens [in Paradise] beneath which rivers flow, wherein they will abide forever, Allah being pleased with them, and they with Him. That is the great attainment.']"
33,36,33_orphan_poor_orphans_property,"['orphan', 'poor', 'orphans', 'property', 'consume', 'needy', 'their properties', 'self', 'properties', 'wealth']","['And give to the orphans their properties and do not substitute the defective [of your own] for the good [of theirs]. And do not consume their properties into your own. Indeed, that is ever a great sin.', ""And do not approach the orphan's property except in a way that is best until he reaches maturity. And give full measure and weight in justice. We do not charge any soul except [with that within] its capacity. And when you testify, be just, even if [it concerns] a near relative. And the covenant of Allah fulfill. This has He instructed you that you may remember."", 'And test the orphans [in their abilities] until they reach marriageable age. Then if you perceive in them sound judgement, release their property to them. And do not consume it excessively and quickly, [anticipating] that they will grow up. And whoever, [when acting as guardian], is self-sufficient should refrain [from taking a fee]; and whoever is poor - let him take according to what is acceptable. Then when you release their property to them, bring witnesses upon them. And sufficient is Allah as Accountant.']"
34,35,34_favors_so which_lord would_deny,"['favors', 'so which', 'lord would', 'deny', 'your lord', 'would', 'which', 'lord', 'so', 'your']","['So which of the favors of your Lord would you deny?', 'So which of the favors of your Lord would you deny?', 'So which of the favors of your Lord would you deny?']"
35,34,35_destroyed_how many_we destroyed_many,"['destroyed', 'how many', 'we destroyed', 'many', 'city', 'destroy', 'cities', 'how', 'have we', 'destroyed before']","['And how many a city have We destroyed that was insolent in its [way of] living, and those are their dwellings which have not been inhabited after them except briefly. And it is We who were the inheritors.', 'And how many a generation have We destroyed before them who were better in possessions and [outward] appearance?', 'And how many have We destroyed before them of generations? Do you perceive of them anyone or hear from them a sound?']"
36,34,36_straight_path_straight path_on straight,"['straight', 'path', 'straight path', 'on straight', 'follow', 'no authority', 'will guide', 'guardian', 'me', 'over']","['And indeed, you invite them to a straight path.', 'And We guided them on the straight path.', 'On a straight path.']"
37,33,37_joseph_brother_father_seven,"['joseph', 'brother', 'father', 'seven', 'entered upon', 'our father', 'king', 'entered', 'egypt', 'master']","['When they said, ""Joseph and his brother are more beloved to our father than we, while we are a clan. Indeed, our father is in clear error.', 'And when they entered upon Joseph, he took his brother to himself; he said, ""Indeed, I am your brother, so do not despair over what they used to do [to me].""', 'They said, ""Are you indeed Joseph?"" He said ""I am Joseph, and this is my brother. Allah has certainly favored us. Indeed, he who fears Allah and is patient, then indeed, Allah does not allow to be lost the reward of those who do good.""']"
38,32,38_disbelievers_disbelieve_who disbelieve_but those,"['disbelievers', 'disbelieve', 'who disbelieve', 'but those', 'disbelieved', 'for disbelievers', 'used disbelieve', 'these disbelievers', 'because used', 'yes by']","['But those who disbelieve will not cease to be in doubt of it until the Hour comes upon them unexpectedly or there comes to them the punishment of a barren Day.', 'If you could but see when they will be made to stand before their Lord. He will say, ""Is this not the truth?"" They will say, ""Yes, by our Lord."" He will [then] say, ""So taste the punishment because you used to disbelieve.""', 'And the Day those who disbelieved are exposed to the Fire [it will be said], ""Is this not the truth?"" They will say, ""Yes, by our Lord."" He will say, ""Then taste the punishment because you used to disbelieve.""']"
39,31,39_warner_bringer good_bringer_clear warner,"['warner', 'bringer good', 'bringer', 'clear warner', 'tidings warner', 'good tidings', 'warners', 'tidings', 'sent', 'am']","['Indeed, We have sent you with the truth as a bringer of good tidings and a warner. And there was no nation but that there had passed within it a warner.', 'O People of the Scripture, there has come to you Our Messenger to make clear to you [the religion] after a period [of suspension] of messengers, lest you say, ""There came not to us any bringer of good tidings or a warner."" But there has come to you a bringer of good tidings and a warner. And Allah is over all things competent.', 'Indeed, We have sent you as a witness and a bringer of good tidings and a warner']"
40,30,40_first time_us_will our_will,"['first time', 'us', 'will our', 'will', 'our', 'first', 'come us', 'from right', 'will we', 'worship will']","['And they will say to their skins, ""Why have you testified against us?"" They will say, ""We were made to speak by Allah, who has made everything speak; and He created you the first time, and to Him you are returned.', 'And they will be presented before your Lord in rows, [and He will say], ""You have certainly come to Us just as We created you the first time. But you claimed that We would never make for you an appointment.""', '[It will be said to them], ""And you have certainly come to Us alone as We created you the first time, and you have left whatever We bestowed upon you behind you. And We do not see with you your \'intercessors\' which you claimed that they were among you associates [of Allah]. It has [all] been severed between you, and lost from you is what you used to claim.""']"
41,30,41_al_masjid_al masjid_masjid al,"['al', 'masjid', 'al masjid', 'masjid al', 'house', 'haram', 'al haram', 'prayer', 'turn your', 'your face']","['Exalted is He who took His Servant by night from al-Masjid al-Haram to al-Masjid al-Aqsa, whose surroundings We have blessed, to show him of Our signs. Indeed, He is the Hearing, the Seeing.', 'We have certainly seen the turning of your face, [O Muhammad], toward the heaven, and We will surely turn you to a qiblah with which you will be pleased. So turn your face toward al-Masjid al-Haram. And wherever you [believers] are, turn your faces toward it [in prayer]. Indeed, those who have been given the Scripture well know that it is the truth from their Lord. And Allah is not unaware of what they do.', 'So from wherever you go out [for prayer, O Muhammad] turn your face toward al- Masjid al-Haram, and indeed, it is the truth from your Lord. And Allah is not unaware of what you do.']"
42,30,42_wait_come_should come_waiting,"['wait', 'come', 'should come', 'waiting', 'impatient', 'be able', 'do await', 'intercessors', 'will precede', 'precede']","['Then do they await except that the Hour should come upon them unexpectedly? But already there have come [some of] its indications. Then what good to them, when it has come, will be their remembrance?', 'Do they await except its result? The Day its result comes those who had ignored it before will say, ""The messengers of our Lord had come with the truth, so are there [now] any intercessors to intercede for us or could we be sent back to do other than we used to do?"" They will have lost themselves, and lost from them is what they used to invent.', 'Do they [then] wait for anything except that the angels should come to them or your Lord should come or that there come some of the signs of your Lord? The Day that some of the signs of your Lord will come no soul will benefit from its faith as long as it had not believed before or had earned through its faith some good. Say, ""Wait. Indeed, we [also] are waiting.""']"
43,29,43_old_me_shirt_solomon,"['old', 'me', 'shirt', 'solomon', 'throne', 'husband', 'wife', 'woman', 'my', 'boy']","['He said, ""My Lord, how will I have a boy when my wife has been barren and I have reached extreme old age?""', 'She said, ""Woe to me! Shall I give birth while I am an old woman and this, my husband, is an old man? Indeed, this is an amazing thing!""', 'So [Solomon] smiled, amused at her speech, and said, ""My Lord, enable me to be grateful for Your favor which You have bestowed upon me and upon my parents and to do righteousness of which You approve. And admit me by Your mercy into [the ranks of] Your righteous servants.""']"
44,27,44_possessor_bounty_forgive_merciful,"['possessor', 'bounty', 'forgive', 'merciful', 'forgiving merciful', 'forgiving', 'allah possessor', 'depart', 'forgiveness', 'allah will']","['And Allah had certainly fulfilled His promise to you when you were killing the enemy by His permission until [the time] when you lost courage and fell to disputing about the order [given by the Prophet] and disobeyed after He had shown you that which you love. Among you are some who desire this world, and among you are some who desire the Hereafter. Then he turned you back from them [defeated] that He might test you. And He has already forgiven you, and Allah is the possessor of bounty for the believers.', 'Race toward forgiveness from your Lord and a Garden whose width is like the width of the heavens and earth, prepared for those who believed in Allah and His messengers. That is the bounty of Allah which He gives to whom He wills, and Allah is the possessor of great bounty.', 'O you who have believed, if you fear Allah, He will grant you a criterion and will remove from you your misdeeds and forgive you. And Allah is the possessor of great bounty.']"
45,26,45_knows what_knows_conceal_hidden,"['knows what', 'knows', 'conceal', 'hidden', 'allah knows', 'what conceal', 'declare', 'conceal what', 'what', 'what declare']","['Assuredly, Allah knows what they conceal and what they declare. Indeed, He does not like the arrogant.', 'And Allah knows what you conceal and what you declare.', 'But do they not know that Allah knows what they conceal and what they declare?']"
46,26,46_eat_lawful_animals_blood,"['eat', 'lawful', 'animals', 'blood', 'prohibited', 'flesh', 'good', 'transgressing', 'name allah', 'lawful for']","['He has only forbidden to you dead animals, blood, the flesh of swine, and that which has been dedicated to other than Allah. But whoever is forced [by necessity], neither desiring [it] nor transgressing [its limit], there is no sin upon him. Indeed, Allah is Forgiving and Merciful.', 'Prohibited to you are dead animals, blood, the flesh of swine, and that which has been dedicated to other than Allah, and [those animals] killed by strangling or by a violent blow or by a head-long fall or by the goring of horns, and those from which a wild animal has eaten, except what you [are able to] slaughter [before its death], and those which are sacrificed on stone altars, and [prohibited is] that you seek decision through divining arrows. That is grave disobedience. This day those who disbelieve have despaired of [defeating] your religion; so fear them not, but fear Me. This day I have perfected for you your religion and completed My favor upon you and have approved for you Islam as religion. But whoever is forced by severe hunger with no inclination to sin - then indeed, Allah is Forgiving and Merciful.', 'He has only forbidden to you dead animals, blood, the flesh of swine, and that which has been dedicated to other than Allah. But whoever is forced [by necessity], neither desiring [it] nor transgressing [its limit] - then indeed, Allah is Forgiving and Merciful.']"
47,25,47_oaths_oath_swear_upon for,"['oaths', 'oath', 'swear', 'upon for', 'by allah', 'impose blame', 'impose', 'covenant allah', 'blame upon', 'satisfied with']","['Allah does not impose blame upon you for what is unintentional in your oaths, but He imposes blame upon you for what your hearts have earned. And Allah is Forgiving and Forbearing.', 'That is more likely that they will give testimony according to its [true] objective, or [at least] they would fear that [other] oaths might be taken after their oaths. And fear Allah and listen; and Allah does not guide the defiantly disobedient people.', 'Allah will not impose blame upon you for what is meaningless in your oaths, but He will impose blame upon you for [breaking] what you intended of oaths. So its expiation is the feeding of ten needy people from the average of that which you feed your [own] families or clothing them or the freeing of a slave. But whoever cannot find [or afford it] - then a fast of three days [is required]. That is the expiation for oaths when you have sworn. But guard your oaths. Thus does Allah make clear to you His verses that you may be grateful.']"
48,24,48_angels_angels will_angels who_mention day,"['angels', 'angels will', 'angels who', 'mention day', 'rank', 'therein whatever', 'have therein', 'used worship', 'before us', 'by those']","['[The angels will be ordered], ""Gather those who committed wrong, their kinds, and what they used to worship', 'And [mention] the Day when He will gather them all and then say to the angels, ""Did these [people] used to worship you?""', 'And [mention] the Day when the heaven will split open with [emerging] clouds, and the angels will be sent down in successive descent.']"
49,24,49_denied_had denied_ridicule_it came,"['denied', 'had denied', 'ridicule', 'it came', 'used', 'but there', 'truth when', 'this what', 'used deny', 'used ridicule']","['Rather, they have denied that which they encompass not in knowledge and whose interpretation has not yet come to them. Thus did those before them deny. Then observe how was the end of the wrongdoers.', 'For they have already denied, but there will come to them the news of that which they used to ridicule.', 'For they had denied the truth when it came to them, but there is going to reach them the news of what they used to ridicule.']"
50,24,50_mountains_sky_be like_earth has,"['mountains', 'sky', 'be like', 'earth has', 'earth', 'seas', 'when', 'open', 'has been', 'removed']","['And the mountains will be like wool, fluffed up.', 'On the Day the earth and the mountains will convulse and the mountains will become a heap of sand pouring down.', 'And the mountains will be like wool,']"
51,22,51_might merciful_lord exalted_merciful_exalted in,"['might merciful', 'lord exalted', 'merciful', 'exalted in', 'in might', 'revelation', 'exalted', 'might', 'revelation from', 'your lord']","['And indeed, your Lord - He is the Exalted in Might, the Merciful.', 'And indeed, your Lord - He is the Exalted in Might, the Merciful.', 'And indeed, your Lord - He is the Exalted in Might, the Merciful.']"
52,22,52_sends astray_astray_sends_rightly guided,"['sends astray', 'astray', 'sends', 'rightly guided', 'rightly', 'guide', 'whoever allah', 'allah guides', 'guides', 'guided']","['And whoever Allah guides - he is the [rightly] guided; and whoever He sends astray - you will never find for them protectors besides Him, and We will gather them on the Day of Resurrection [fallen] on their faces - blind, dumb and deaf. Their refuge is Hell; every time it subsides We increase them in blazing fire.', 'Whoever Allah guides - he is the [rightly] guided; and whoever He sends astray - it is those who are the losers.', 'Then is one to whom the evil of his deed has been made attractive so he considers it good [like one rightly guided]? For indeed, Allah sends astray whom He wills and guides whom He wills. So do not let yourself perish over them in regret. Indeed, Allah is Knowing of what they do.']"
53,22,53_divided_eminent among_who disbelieved_differed,"['divided', 'eminent among', 'who disbelieved', 'differed', 'community', 'we do', 'eminent', 'among', 'disbelieved', 'disbelieved from']","['And mankind was not but one community [united in religion], but [then] they differed. And if not for a word that preceded from your Lord, it would have been judged between them [immediately] concerning that over which they differ.', 'And they did not become divided until after knowledge had come to them - out of jealous animosity between themselves. And if not for a word that preceded from your Lord [postponing the penalty] until a specified time, it would have been concluded between them. And indeed, those who were granted inheritance of the Scripture after them are, concerning it, in disquieting doubt.', 'So the eminent among those who disbelieved from his people said, ""We do not see you but as a man like ourselves, and we do not see you followed except by those who are the lowest of us [and] at first suggestion. And we do not see in you over us any merit; rather, we think you are liars.""']"
54,22,54_signs_signs for_signs that_that signs,"['signs', 'signs for', 'signs that', 'that signs', 'for people', 'people who', 'in that', 'earth', 'thought', 'who give']","['And of His signs is the creation of the heavens and the earth and the diversity of your languages and your colors. Indeed in that are signs for those of knowledge.', 'And He has subjected to you whatever is in the heavens and whatever is on the earth - all from Him. Indeed in that are signs for a people who give thought.', 'And of His signs is that He created for you from yourselves mates that you may find tranquillity in them; and He placed between you affection and mercy. Indeed in that are signs for a people who give thought.']"
55,22,55_thamud_denied messengers_denied_people lot,"['thamud', 'denied messengers', 'denied', 'people lot', 'companions', 'messengers', 'lot', 'company', 'aad denied', 'peoples']","['The companions of the thicket denied the messengers', 'The people of Lot denied the messengers', 'Thamud denied the messengers']"
56,21,56_seen_al_so have_have considered,"['seen', 'al', 'so have', 'have considered', 'considered', 'so', 'have', '', '', '']","[""'Ayn, Seen, Qaf."", 'Ta, Seen, Meem.', 'Ya, Seen.']"
57,21,57_noah_people noah_denied before_denied,"['noah', 'people noah', 'denied before', 'denied', 'my', 'my lord', 'we carried', 'noah people', 'descendants', 'lord my']","['The people of Noah denied before them, and they denied Our servant and said, ""A madman,"" and he was repelled.', 'The people of Noah denied the messengers', 'The people of Noah denied before them, and the companions of the well and Thamud']"
58,21,58_hellfire_hellfire will_fire_will be,"['hellfire', 'hellfire will', 'fire', 'will be', 'closed', 'in hellfire', 'deviators', 'will', 'in fire', 'be']","['You will surely see the Hellfire.', 'Indeed, Hellfire will be closed down upon them', 'Then indeed, Hellfire will be [his] refuge.']"
59,21,59_recompense_record_for who_who given,"['recompense', 'record', 'for who', 'who given', 'day recompense', 'as for', 'have seen', 'read', 'recompense then', 'hand']","['Then as for he who is given his record in his right hand,', 'So as for he who is given his record in his right hand, he will say, ""Here, read my record!', 'But as for he who is given his record in his left hand, he will say, ""Oh, I wish I had not been given my record']"
60,21,60_females_daughters_males_son,"['females', 'daughters', 'males', 'son', 'sons', 'taken', 'chosen', 'exalted', 'has taken', 'exalted allah']","['They have said, ""Allah has taken a son."" Exalted is He; He is the [one] Free of need. To Him belongs whatever is in the heavens and whatever is in the earth. You have no authority for this [claim]. Do you say about Allah that which you do not know?', 'Allah has not taken any son, nor has there ever been with Him any deity. [If there had been], then each deity would have taken what it created, and some of them would have sought to overcome others. Exalted is Allah above what they describe [concerning Him].', 'Or has He taken, out of what He has created, daughters and chosen you for [having] sons?']"
61,20,61_adam_iblees_tree_prostrate,"['adam', 'iblees', 'tree', 'prostrate', 'private parts', 'parts', 'their private', 'paradise', 'private', 'your wife']","['And Adam and his wife ate of it, and their private parts became apparent to them, and they began to fasten over themselves from the leaves of Paradise. And Adam disobeyed his Lord and erred.', 'And [mention] when We said to the angels, ""Prostrate to Adam,"" and they prostrated, except Iblees; he refused.', 'And [mention] when We said to the angels, ""Prostrate before Adam""; so they prostrated, except for Iblees. He refused and was arrogant and became of the disbelievers.']"
62,20,62_can make_make know_what can_know what,"['can make', 'make know', 'what can', 'know what', 'calamity', 'can', 'striking', 'make', 'what', 'know']","[""And what can make you know what is 'illiyyun?"", 'And what can make you know what that is?', 'And what can make you know what is the Striking Calamity?']"
63,20,63_prayer_who spend_what right_establish prayer,"['prayer', 'who spend', 'what right', 'establish prayer', 'who', 'what wrong', 'establish', 'those who', 'prayer give', 'spend']","['Those who follow the Messenger, the unlettered prophet, whom they find written in what they have of the Torah and the Gospel, who enjoins upon them what is right and forbids them what is wrong and makes lawful for them the good things and prohibits for them the evil and relieves them of their burden and the shackles which were upon them. So they who have believed in him, honored him, supported him and followed the light which was sent down with him - it is those who will be the successful.', '[Such believers are] the repentant, the worshippers, the praisers [of Allah], the travelers [for His cause], those who bow and prostrate [in prayer], those who enjoin what is right and forbid what is wrong, and those who observe the limits [set by] Allah. And give good tidings to the believers.', '[And they are] those who, if We give them authority in the land, establish prayer and give zakah and enjoin what is right and forbid what is wrong. And to Allah belongs the outcome of [all] matters.']"
64,20,64_my_my people_my lord_merciful merciful,"['my', 'my people', 'my lord', 'merciful merciful', 'upon clear', 'lord has', 'me', 'greater', 'me if', 'evidence from']","['And when he reached with him [the age of] exertion, he said, ""O my son, indeed I have seen in a dream that I [must] sacrifice you, so see what you think."" He said, ""O my father, do as you are commanded. You will find me, if Allah wills, of the steadfast.""', 'He said, ""O my people, have you considered: if I should be upon clear evidence from my Lord and He has given me mercy from Himself, who would protect me from Allah if I disobeyed Him? So you would not increase me except in loss.', 'He said, ""O my people, have you considered: if I am upon clear evidence from my Lord and He has provided me with a good provision from Him...? And I do not intend to differ from you in that which I have forbidden you; I only intend reform as much as I am able. And my success is not but through Allah. Upon him I have relied, and to Him I return.']"
65,20,65_allah may_may_that allah_may reward,"['allah may', 'may', 'that allah', 'may reward', 'that may', 'accept', 'over what', 'reward', 'repentance', 'best what']","['That Allah may reward them [according to] the best of what they did and increase them from His bounty. And Allah gives provision to whom He wills without account.', 'That Allah may reward the truthful for their truth and punish the hypocrites if He wills or accept their repentance. Indeed, Allah is ever Forgiving and Merciful.', '[It was] so that Allah may punish the hypocrite men and hypocrite women and the men and women who associate others with Him and that Allah may accept repentance from the believing men and believing women. And ever is Allah Forgiving and Merciful.']"
66,20,66_repentance_forgive me_forgive_forgiving merciful,"['repentance', 'forgive me', 'forgive', 'forgiving merciful', 'merciful', 'forgiving', 'ask forgiveness', 'merciful but', 'me my', 'my parents']","['Except for those who repent and correct themselves and make evident [what they concealed]. Those - I will accept their repentance, and I am the Accepting of repentance, the Merciful.', 'My Lord, forgive me and my parents and whoever enters my house a believer and the believing men and believing women. And do not increase the wrongdoers except in destruction.""', 'Then, indeed your Lord, to those who have done wrong out of ignorance and then repent after that and correct themselves - indeed, your Lord, thereafter, is Forgiving and Merciful.']"
67,20,67_message_messengers_sent_teaching,"['message', 'messengers', 'sent', 'teaching', 'revealed', 'we revealed', 'we sent', 'dreams', 'purifying', 'messengers our']","['[We sent them] with clear proofs and written ordinances. And We revealed to you the message that you may make clear to the people what was sent down to them and that they might give thought.', 'It is He who has sent among the unlettered a Messenger from themselves reciting to them His verses and purifying them and teaching them the Book and wisdom - although they were before in clear error -', 'Just as We have sent among you a messenger from yourselves reciting to you Our verses and purifying you and teaching you the Book and wisdom and teaching you that which you did not know.']"
68,19,68_night_night day_causes_enter,"['night', 'night day', 'causes', 'enter', 'signs for', 'day', 'sun', 'for people', 'signs', 'people who']","['And He has subjected for you the night and day and the sun and moon, and the stars are subjected by His command. Indeed in that are signs for a people who reason.', 'He causes the night to enter the day, and He causes the day to enter the night and has subjected the sun and the moon - each running [its course] for a specified term. That is Allah, your Lord; to Him belongs sovereignty. And those whom you invoke other than Him do not possess [as much as] the membrane of a date seed.', 'Do you not see that Allah causes the night to enter the day and causes the day to enter the night and has subjected the sun and the moon, each running [its course] for a specified term, and that Allah, with whatever you do, is Acquainted?']"
69,19,69_burn_will enter_enter_fire,"['burn', 'will enter', 'enter', 'fire', 'wretched', 'in hellfire', 'hell which', 'therein', 'flame', 'greatest']","['[It is] Hell, which they will [enter to] burn, and wretched is the settlement.', '[He] who will [enter and] burn in the greatest Fire,', 'They will [enter to] burn in an intensely hot Fire.']"
70,18,70_from way_people from_way allah_way,"['from way', 'people from', 'way allah', 'way', 'averted', 'avert people', 'it seem', 'deviant', 'seem deviant', 'allah without']","['The ones who prefer the worldly life over the Hereafter and avert [people] from the way of Allah, seeking to make it (seem) deviant. Those are in extreme error.', 'Who averted [people] from the way of Allah and sought to make it [seem] deviant while they, concerning the Hereafter, were disbelievers.', 'Who averted [people] from the way of Allah and sought to make it [seem] deviant while they were, concerning the Hereafter, disbelievers.']"
71,18,71_him with_punish him_him_punish,"['him with', 'punish him', 'him', 'punish', 'will surely', 'will', 'surely', 'destruction then', 'had known', 'will cry']","['He will say, ""Oh, I wish I had sent ahead [some good] for my life.""', 'Then Allah will punish him with the greatest punishment.', 'I will surely punish him with a severe punishment or slaughter him unless he brings me clear authorization.""']"
72,18,72_victory_avail_good tidings_allah made,"['victory', 'avail', 'good tidings', 'allah made', 'tidings', 'promise', 'in promise', 'allah exalted', 'from allah', 'believers that']","['And when they have [nearly] fulfilled their term, either retain them according to acceptable terms or part with them according to acceptable terms. And bring to witness two just men from among you and establish the testimony for [the acceptance of] Allah. That is instructed to whoever should believe in Allah and the Last day. And whoever fears Allah - He will make for him a way out', 'And Allah made it not except as [a sign of] good tidings for you and to reassure your hearts thereby. And victory is not except from Allah, the Exalted in Might, the Wise -', 'And Allah made it not but good tidings and so that your hearts would be assured thereby. And victory is not but from Allah. Indeed, Allah is Exalted in Might and Wise.']"
73,18,73_would have_if had_had_feared allah,"['would have', 'if had', 'had', 'feared allah', 'had believed', 'if only', 'would', 'feared', 'cities', 'cities we']","['And if only the People of the Scripture had believed and feared Allah, We would have removed from them their misdeeds and admitted them to Gardens of Pleasure.', 'And if they had believed and feared Allah, then the reward from Allah would have been [far] better, if they only knew.', 'And if only the people of the cities had believed and feared Allah, We would have opened upon them blessings from the heaven and the earth; but they denied [the messengers], so We seized them for what they were earning.""']"
74,18,74_reason_use reason_use_not use,"['reason', 'use reason', 'use', 'not use', 'scripture', 'not reason', 'small price', 'for small', 'home hereafter', 'price']","['And We sent not before you [as messengers] except men to whom We revealed from among the people of cities. So have they not traveled through the earth and observed how was the end of those before them? And the home of the Hereafter is best for those who fear Allah; then will you not reason?', 'Uff to you and to what you worship instead of Allah. Then will you not use reason?""', 'And there followed them successors who inherited the Scripture [while] taking the commodities of this lower life and saying, ""It will be forgiven for us."" And if an offer like it comes to them, they will [again] take it. Was not the covenant of the Scripture taken from them that they would not say about Allah except the truth, and they studied what was in it? And the home of the Hereafter is better for those who fear Allah, so will you not use reason?']"
75,18,75_would surely_created heavens_created_asked,"['would surely', 'created heavens', 'created', 'asked', 'who created', 'earth would', 'heavens earth', 'earth', 'heavens', 'surely']","['If you asked them, ""Who created the heavens and earth and subjected the sun and the moon?"" they would surely say, ""Allah."" Then how are they deluded?', 'And if you asked them, ""Who created the heavens and the earth?"" they would surely say, ""Allah."" Say, ""Then have you considered what you invoke besides Allah? If Allah intended me harm, are they removers of His harm; or if He intended me mercy, are they withholders of His mercy?"" Say, ""Sufficient for me is Allah; upon Him [alone] rely the [wise] reliers.""', 'And if you asked them, ""Who created the heavens and earth?"" they would surely say, ""Allah."" Say, ""[All] praise is [due] to Allah ""; but most of them do not know.']"
76,17,76_taste_taste punishment_so taste_earned will,"['taste', 'taste punishment', 'so taste', 'earned will', 'punishment', 'earned', 'punishment for', 'used do', 'used', 'on it']","['So taste [punishment] because you forgot the meeting of this, your Day; indeed, We have [accordingly] forgotten you. And taste the punishment of eternity for what you used to do.""', 'That was a nation which has passed on. It will have [the consequence of] what it earned, and you will have what you have earned. And you will not be asked about what they used to do.', 'That is a nation which has passed on. It will have [the consequence of] what it earned, and you will have what you have earned. And you will not be asked about what they used to do.']"
77,17,77_book_revealed_word_judge by,"['book', 'revealed', 'word', 'judge by', 'those whom', 'little do', 'whom we', 'recognize', 'revealed from', 'mislead']","['And let the People of the Gospel judge by what Allah has revealed therein. And whoever does not judge by what Allah has revealed - then it is those who are the defiantly disobedient.', 'Those to whom We have given the Book recite it with its true recital. They [are the ones who] believe in it. And whoever disbelieves in it - it is they who are the losers.', 'Those to whom We have given the Scripture recognize it as they recognize their [own] sons. Those who will lose themselves [in the Hereafter] do not believe.']"
78,17,78_most knowing_feel secure_feel_knowing who,"['most knowing', 'feel secure', 'feel', 'knowing who', 'guided', 'lord most', 'secure', 'from way', 'most', 'then would']","['Then do you feel secure that [instead] He will not cause a part of the land to swallow you or send against you a storm of stones? Then you would not find for yourselves an advocate.', 'Or do you feel secure that He who [holds authority] in the heaven would not send against you a storm of stones? Then you would know how [severe] was My warning.', 'Indeed, your Lord is most knowing of who strays from His way, and He is most knowing of the [rightly] guided.']"
79,17,79_isaac_isaac jacob_we gave_gave him,"['isaac', 'isaac jacob', 'we gave', 'gave him', 'jacob', 'gave', 'prophet', 'in book', 'ishmael', 'abraham isaac']","['And We gave him Isaac and Jacob in addition, and all [of them] We made righteous.', 'And his Wife was standing, and she smiled. Then We gave her good tidings of Isaac and after Isaac, Jacob.', 'And We gave to Him Isaac and Jacob and placed in his descendants prophethood and scripture. And We gave him his reward in this world, and indeed, he is in the Hereafter among the righteous.']"
80,17,80_partners_others with_do have_with allah,"['partners', 'others with', 'do have', 'with allah', 'your partners', 'associate', 'by which', 'ally', 'others', 'never be']","['And never let them avert you from the verses of Allah after they have been revealed to you. And invite [people] to your Lord. And never be of those who associate others with Allah.', 'And [mention, O Muhammad], the Day We will gather them all together; then We will say to those who associated others with Allah, ""Where are your \'partners\' that you used to claim [with Him]?""', ""And [commanded], 'Direct your face toward the religion, inclining to truth, and never be of those who associate others with Allah;""]"
81,16,81_fire_companions fire_companions_who disbelieved,"['fire', 'companions fire', 'companions', 'who disbelieved', 'refuge fire', 'but ones', 'whoever wills', 'or from', 'wretched', 'disbelieved']","['So today no ransom will be taken from you or from those who disbelieved. Your refuge is the Fire. It is most worthy of you, and wretched is the destination.', 'But the ones who deny Our verses and are arrogant toward them - those are the companions of the Fire; they will abide therein eternally.', 'But the ones who disbelieved and denied Our verses - those are the companions of the Fire, abiding eternally therein; and wretched is the destination.']"
82,16,82_deniers_woe_that day_day,"['deniers', 'woe', 'that day', 'day', 'that', 'then woe', 'what day', 'those astray', 'astray who', 'day it']","['Woe, that Day, to the deniers.', 'Woe, that Day, to the deniers.', 'Woe, that Day, to the deniers.']"
83,16,83_camel_eat_sacrifice_grazing,"['camel', 'eat', 'sacrifice', 'grazing', 'animals', 'touch with', 'eat what', 'drink', 'feed', 'harm']","['And they say, ""These animals and crops are forbidden; no one may eat from them except whom we will,"" by their claim. And there are those [camels] whose backs are forbidden [by them] and those upon which the name of Allah is not mentioned - [all of this] an invention of untruth about Him. He will punish them for what they were inventing.', 'And the camels and cattle We have appointed for you as among the symbols of Allah; for you therein is good. So mention the name of Allah upon them when lined up [for sacrifice]; and when they are [lifeless] on their sides, then eat from them and feed the needy and the beggar. Thus have We subjected them to you that you may be grateful.', 'And to the Thamud [We sent] their brother Salih. He said, ""O my people, worship Allah; you have no deity other than Him. There has come to you clear evidence from your Lord. This is the she-camel of Allah [sent] to you as a sign. So leave her to eat within Allah \'s land and do not touch her with harm, lest there seize you a painful punishment.']"
84,16,84_lot_family_when people_immorality,"['lot', 'family', 'when people', 'immorality', 'save', 'commit', 'these my', 'family except', 'for great', 'among worlds']","['And [We had sent] Lot when he said to his people, ""Do you commit such immorality as no one has preceded you with from among the worlds?', 'And [mention] Lot, when he said to his people, ""Indeed, you commit such immorality as no one has preceded you with from among the worlds.', 'And when Our messengers came to Lot, he was distressed for them and felt for them great discomfort. They said, ""Fear not, nor grieve. Indeed, we will save you and your family, except your wife; she is to be of those who remain behind.']"
85,16,85_certainty_well known_known_what promised,"['certainty', 'well known', 'known', 'what promised', 'see it', 'it truth', 'swear by', 'until day', 'will see', 'see']","['Until the Day of the time well-known.""', 'And indeed, it is the truth of certainty.', 'Then you will surely see it with the eye of certainty.']"
86,15,86_be gathered_warn_so be_gathered,"['be gathered', 'warn', 'so be', 'gathered', 'be patient', 'warn day', 'no doubt', 'allah truth', 'patient', 'which there']","['That is from the news of the unseen which We reveal to you, [O Muhammad]. You knew it not, neither you nor your people, before this. So be patient; indeed, the [best] outcome is for the righteous.', ""And warn by the Qur'an those who fear that they will be gathered before their Lord - for them besides Him will be no protector and no intercessor - that they might become righteous."", ""And thus We have revealed to you an Arabic Qur'an that you may warn the Mother of Cities [Makkah] and those around it and warn of the Day of Assembly, about which there is no doubt. A party will be in Paradise and a party in the Blaze.""]"
87,15,87_transgressors_approach_seeks_evil,"['transgressors', 'approach', 'seeks', 'evil', 'evil consequences', 'consequences', 'place return', 'what earned', 'that then', 'oppressed']","['But whoever seeks beyond that, then those are the transgressors -', 'But whoever seeks beyond that, then they are the transgressors -', 'And the evil consequences of what they earned struck them. And those who have wronged of these [people] will be afflicted by the evil consequences of what they earned; and they will not cause failure.']"
88,15,88_if we_could_we could_proceed,"['if we', 'could', 'we could', 'proceed', 'turned', 'we willed', 'would', 'away with', 'we', 'willed we']","['And if We willed, We could have deformed them, [paralyzing them] in their places so they would not be able to proceed, nor could they return.', 'And if We had destroyed them with a punishment before him, they would have said, ""Our Lord, why did You not send to us a messenger so we could have followed Your verses before we were humiliated and disgraced?""', 'And if We willed, We could surely do away with that which We revealed to you. Then you would not find for yourself concerning it an advocate against Us.']"
89,15,89_prayer_trusts_commitment_prayer those,"['prayer', 'trusts', 'commitment', 'prayer those', 'promises', 'maintain', 'prayers', 'excessively', 'during their', 'constant']","['And those who [carefully] maintain their prayer:', 'But those who hold fast to the Book and establish prayer - indeed, We will not allow to be lost the reward of the reformers.', 'And do not approach the property of an orphan, except in the way that is best, until he reaches maturity. And fulfill [every] commitment. Indeed, the commitment is ever [that about which one will be] questioned.']"
90,15,90_prostrate_arrogant_exalt_lord not,"['prostrate', 'arrogant', 'exalt', 'lord not', 'exalt him', 'bow', 'prevented', 'when it', 'exalt allah', 'with praise']","['So exalt [Allah] with praise of your Lord and be of those who prostrate [to Him].', 'Only those believe in Our verses who, when they are reminded by them, fall down in prostration and exalt [Allah] with praise of their Lord, and they are not arrogant.', 'Indeed, those who are near your Lord are not prevented by arrogance from His worship, and they exalt Him, and to Him they prostrate.']"
91,15,91_satan_devil_enemy_clear enemy,"['satan', 'devil', 'enemy', 'clear enemy', 'except delusion', 'not promise', 'satan has', 'but satan', 'delusion', 'not worship']","['And tell My servants to say that which is best. Indeed, Satan induces [dissension] among them. Indeed Satan is ever, to mankind, a clear enemy.', 'And incite [to senselessness] whoever you can among them with your voice and assault them with your horses and foot soldiers and become a partner in their wealth and their children and promise them."" But Satan does not promise them except delusion.', 'Satan promises them and arouses desire in them. But Satan does not promise them except delusion.']"
92,14,92_reward_good_bounty_their lord,"['reward', 'good', 'bounty', 'their lord', 'doers good', 'doers', 'favor from', 'righteousness', 'gives', 'receive']","['So Allah rewarded them for what they said with gardens [in Paradise] beneath which rivers flow, wherein they abide eternally. And that is the reward of doers of good.', 'So Allah gave them the reward of this world and the good reward of the Hereafter. And Allah loves the doers of good.', 'Righteousness is not that you turn your faces toward the east or the west, but [true] righteousness is [in] one who believes in Allah, the Last Day, the angels, the Book, and the prophets and gives wealth, in spite of love for it, to relatives, orphans, the needy, the traveler, those who ask [for help], and for freeing slaves; [and who] establishes prayer and gives zakah; [those who] fulfill their promise when they promise; and [those who] are patient in poverty and hardship and during battle. Those are the ones who have been true, and it is those who are the righteous.']"
93,14,93_worship_besides_have taken_religion,"['worship', 'besides', 'have taken', 'religion', 'besides allah', 'deities', 'than allah', 'besides him', 'allah that', 'or have']","['And they worship other than Allah that which neither harms them nor benefits them, and they say, ""These are our intercessors with Allah "" Say, ""Do you inform Allah of something He does not know in the heavens or on the earth?"" Exalted is He and high above what they associate with Him', 'They have taken their scholars and monks as lords besides Allah, and [also] the Messiah, the son of Mary. And they were not commanded except to worship one God; there is no deity except Him. Exalted is He above whatever they associate with Him.', 'You worship not besides Him except [mere] names you have named them, you and your fathers, for which Allah has sent down no authority. Legislation is not but for Allah. He has commanded that you worship not except Him. That is the correct religion, but most of the people do not know.']"
94,14,94_aad_thamud_away with_as for,"['aad', 'thamud', 'away with', 'as for', 'destroyed', 'denied their', 'had never', 'in strength', 'as', 'lord then']","['As for \'Aad, they were arrogant upon the earth without right and said, ""Who is greater than us in strength?"" Did they not consider that Allah who created them was greater than them in strength? But they were rejecting Our signs.', 'As if they had never prospered therein. Unquestionably, Thamud denied their Lord; then, away with Thamud.', ""And they were [therefore] followed in this world with a curse and [as well] on the Day of Resurrection. Unquestionably, 'Aad denied their Lord; then away with 'Aad, the people of Hud.""]"
95,14,95_our verses_disbelief_disbelieved_harm allah,"['our verses', 'disbelief', 'disbelieved', 'harm allah', 'never', 'verses', 'allah forgive', 'while disbelievers', 'punishment those', 'conspire']","['Indeed, those who have believed then disbelieved, then believed, then disbelieved, and then increased in disbelief - never will Allah forgive them, nor will He guide them to a way.', 'And when Our verses are recited to them as clear evidences, you recognize in the faces of those who disbelieve disapproval. They are almost on the verge of assaulting those who recite to them Our verses. Say, ""Then shall I inform you of [what is] worse than that? [It is] the Fire which Allah has promised those who disbelieve, and wretched is the destination.""', 'O you who have believed, do not be like those who disbelieved and said about their brothers when they traveled through the land or went out to fight, ""If they had been with us, they would not have died or have been killed,"" so Allah makes that [misconception] a regret within their hearts. And it is Allah who gives life and causes death, and Allah is Seeing of what you do.']"
96,14,96_scalding_scalding water_water_foul,"['scalding', 'scalding water', 'water', 'foul', 'water then', 'bellies', 'drink', 'taste', 'like murky', 'hear from']","['And drinking on top of it from scalding water', 'Except scalding water and [foul] purulence -', 'Like the boiling of scalding water.']"
97,14,97_believing servants_believing_wisdom_taught,"['believing servants', 'believing', 'wisdom', 'taught', 'taught him', 'servants', 'been given', 'strength', 'gave him', 'happiness']","['Indeed, he was of Our believing servants.', 'Indeed, he was of Our believing servants.', 'Indeed, he was of Our believing servants.']"
98,14,98_emigrated_cause allah_for cause_fought,"['emigrated', 'cause allah', 'for cause', 'fought', 'cause', 'allah allah', 'relatives', 'forgiving merciful', 'relationship', 'inheritance']","['And their Lord responded to them, ""Never will I allow to be lost the work of [any] worker among you, whether male or female; you are of one another. So those who emigrated or were evicted from their homes or were harmed in My cause or fought or were killed - I will surely remove from them their misdeeds, and I will surely admit them to gardens beneath which rivers flow as reward from Allah, and Allah has with Him the best reward.""', 'Then, indeed your Lord, to those who emigrated after they had been compelled [to renounce their religion] and thereafter fought [for the cause of Allah] and were patient - indeed, your Lord, after that, is Forgiving and Merciful', 'Indeed, those who have believed and those who have emigrated and fought in the cause of Allah - those expect the mercy of Allah. And Allah is Forgiving and Merciful.']"
99,13,99_dead_die_killed_living,"['dead', 'die', 'killed', 'living', 'life then', 'life', 'die then', 'whoever desires', 'give him', 'takes']","['Allah takes the souls at the time of their death, and those that do not die [He takes] during their sleep. Then He keeps those for which He has decreed death and releases the others for a specified term. Indeed in that are signs for a people who give thought.', 'And it is not [possible] for one to die except by permission of Allah at a decree determined. And whoever desires the reward of this world - We will give him thereof; and whoever desires the reward of the Hereafter - We will give him thereof. And we will reward the grateful.', 'And [mention] when Abraham said, ""My Lord, show me how You give life to the dead."" [Allah] said, ""Have you not believed?"" He said, ""Yes, but [I ask] only that my heart may be satisfied."" [Allah] said, ""Take four birds and commit them to yourself. Then [after slaughtering them] put on each hill a portion of them; then call them - they will come [flying] to you in haste. And know that Allah is Exalted in Might and Wise.""']"
100,13,100_earth in_created heavens_created_creation,"['earth in', 'created heavens', 'created', 'creation', 'in six', 'six', 'six days', 'heavens earth', 'heavens', 'allah created']","['It is He who created the heavens and earth in six days and then established Himself above the Throne. He knows what penetrates into the earth and what emerges from it and what descends from the heaven and what ascends therein; and He is with you wherever you are. And Allah, of what you do, is Seeing.', 'Indeed, your Lord is Allah, who created the heavens and earth in six days and then established Himself above the Throne. He covers the night with the day, [another night] chasing it rapidly; and [He created] the sun, the moon, and the stars, subjected by His command. Unquestionably, His is the creation and the command; blessed is Allah, Lord of the worlds.', 'Indeed, your Lord is Allah, who created the heavens and the earth in six days and then established Himself above the Throne, arranging the matter [of His creation]. There is no intercessor except after His permission. That is Allah, your Lord, so worship Him. Then will you not remember?']"
101,13,101_down him_sign_from lord_signs,"['down him', 'sign', 'from lord', 'signs', 'him from', 'why', 'why has', 'been sent', 'signs allah', 'sent down']","['And those who disbelieved say, ""Why has a sign not been sent down to him from his Lord?"" Say, [O Muhammad], ""Indeed, Allah leaves astray whom He wills and guides to Himself whoever turns back [to Him] -', 'And those who disbelieved say, ""Why has a sign not been sent down to him from his Lord?"" You are only a warner, and for every people is a guide.', 'And they say, ""Why has a sign not been sent down to him from his Lord?"" Say, ""Indeed, Allah is Able to send down a sign, but most of them do not know.""']"
102,13,102_polytheists_treaty_their partners_partners,"['polytheists', 'treaty', 'their partners', 'partners', 'with whom', 'al', 'those with', 'as their', 'this for', 'righteous who']","['And the polytheists assign to Allah from that which He created of crops and livestock a share and say, ""This is for Allah,"" by their claim, ""and this is for our partners [associated with Him]."" But what is for their ""partners"" does not reach Allah, while what is for Allah - this reaches their ""partners."" Evil is that which they rule.', 'Excepted are those with whom you made a treaty among the polytheists and then they have not been deficient toward you in anything or supported anyone against you; so complete for them their treaty until their term [has ended]. Indeed, Allah loves the righteous [who fear Him].', 'How can there be for the polytheists a treaty in the sight of Allah and with His Messenger, except for those with whom you made a treaty at al-Masjid al-Haram? So as long as they are upright toward you, be upright toward them. Indeed, Allah loves the righteous [who fear Him].']"
103,13,103_worship_what worship_lord so_worship him,"['worship', 'what worship', 'lord so', 'worship him', 'so worship', 'invoke with', 'straight path', 'not invoke', 'this your', 'am your']","['You only worship, besides Allah, idols, and you produce a falsehood. Indeed, those you worship besides Allah do not possess for you [the power of] provision. So seek from Allah provision and worship Him and be grateful to Him. To Him you will be returned.""', 'Indeed, Allah is my Lord and your Lord, so worship Him. That is the straight path.""', 'Indeed, Allah is my Lord and your Lord, so worship Him. This is a straight path.""']"
104,13,104_night_part_rest_night day,"['night', 'part', 'rest', 'night day', 'rest therein', 'may rest', 'when reach', 'made night', 'has made', 'pray']","['And during the night prostrate to Him and exalt Him a long [part of the] night.', 'And out of His mercy He made for you the night and the day that you may rest therein and [by day] seek from His bounty and [that] perhaps you will be grateful.', 'It is Allah who made for you the night that you may rest therein and the day giving sight. Indeed, Allah is full of bounty to the people, but most of the people are not grateful.']"
105,12,105_name_lord most_exalt_most great,"['name', 'lord most', 'exalt', 'most great', 'your lord', 'worship your', 'most', 'lord who', 'owner', 'lord']","['So exalt the name of your Lord, the Most Great.', 'So exalt the name of your Lord, the Most Great.', 'So exalt the name of your Lord, the Most Great.']"
106,12,106_this day_day_day which_been promised,"['this day', 'day', 'day which', 'been promised', 'cry', 'every nation', 'greatest', 'destruction', 'nation', 'today']","['And you will see every nation kneeling [from fear]. Every nation will be called to its record [and told], ""Today you will be recompensed for what you used to do.', 'They will not be grieved by the greatest terror, and the angels will meet them, [saying], ""This is your Day which you have been promised"" -', 'And it will be said, ""Today We will forget you as you forgot the meeting of this Day of yours, and your refuge is the Fire, and for you there are no helpers.']"
107,12,107_those ones_ones_worthless_ones who,"['those ones', 'ones', 'worthless', 'ones who', 'hereafter', 'deeds have', 'become worthless', 'in hereafter', 'have become', 'worst']","['They are the ones whose deeds have become worthless in this world and the Hereafter, and for them there will be no helpers.', 'Those are the ones for whom there is not in the Hereafter but the Fire. And lost is what they did therein, and worthless is what they used to do.', 'Those are the ones who disbelieve in the verses of their Lord and in [their] meeting Him, so their deeds have become worthless; and We will not assign to them on the Day of Resurrection any importance.']"
108,12,108_blind_equal_hear_not equal,"['blind', 'equal', 'hear', 'not equal', 'deaf', 'backs', 'retreating', 'one who', 'seeing', 'like one']","['Not equal are the blind and the seeing,', 'Indeed, you will not make the dead hear, nor will you make the deaf hear the call when they have turned their backs retreating.', 'So indeed, you will not make the dead hear, nor will you make the deaf hear the call when they turn their backs, retreating.']"
109,12,109_that day_soul will_which will_day,"['that day', 'soul will', 'which will', 'day', 'then know', 'people will', 'will then', 'soul', 'know what', 'what it']","['A soul will [then] know what it has brought [with it].', 'Indeed in that is a sign for those who fear the punishment of the Hereafter. That is a Day for which the people will be collected, and that is a Day [which will be] witnessed.', 'Every soul will taste death, and you will only be given your [full] compensation on the Day of Resurrection. So he who is drawn away from the Fire and admitted to Paradise has attained [his desire]. And what is the life of this world except the enjoyment of delusion.']"
110,12,110_what our_us_decree_by allah,"['what our', 'us', 'decree', 'by allah', 'our fathers', 'that we', 'omen', 'we should', 'worshipped', 'fathers']","['They said, ""O Salih, you were among us a man of promise before this. Do you forbid us to worship what our fathers worshipped? And indeed we are, about that to which you invite us, in disquieting doubt.""', 'They said, ""O Shu\'ayb, does your prayer command you that we should leave what our fathers worship or not do with our wealth what we please? Indeed, you are the forbearing, the discerning!""', 'They said, ""Have you come to us that we should worship Allah alone and leave what our fathers have worshipped? Then bring us what you promise us, if you should be of the truthful.""']"
111,12,111_jinn_jinn mankind_which do_mankind,"['jinn', 'jinn mankind', 'which do', 'mankind', 'with which', 'but word', 'surely fill', 'witness against', 'fill hell', 'jinn men']","['From among the jinn and mankind.""', 'And if We had willed, We could have given every soul its guidance, but the word from Me will come into effect [that] ""I will surely fill Hell with jinn and people all together.', 'Except whom your Lord has given mercy, and for that He created them. But the word of your Lord is to be fulfilled that, ""I will surely fill Hell with jinn and men all together.""']"
112,12,112_wine_spring_drink_flowing,"['wine', 'spring', 'drink', 'flowing', 'in both', 'given drink', 'mixture', 'be given', 'springs', 'both']","['And they will be given to drink a cup [of wine] whose mixture is of ginger', 'There will be circulated among them a cup [of wine] from a flowing spring,', 'With vessels, pitchers and a cup [of wine] from a flowing spring -']"
113,12,113_protector or_any protector_allah any_earth,"['protector or', 'any protector', 'allah any', 'earth', 'not besides', 'helper', 'any helper', 'upon earth', 'or any', 'protector']","['And you will not cause failure [to Allah] upon the earth or in the heaven. And you have not other than Allah any protector or any helper.', 'Do you not know that to Allah belongs the dominion of the heavens and the earth and [that] you have not besides Allah any protector or any helper?', 'Indeed, to Allah belongs the dominion of the heavens and the earth; He gives life and causes death. And you have not besides Allah any protector or any helper.']"
114,12,114_plan_planned_firm_will give,"['plan', 'planned', 'firm', 'will give', 'but we', 'do intend', 'conspired', 'conspiracy', 'perceived not', 'plan then']","['Or do they intend a plan? But those who disbelieve - they are the object of a plan.', 'And they planned a plan, and We planned a plan, while they perceived not.', 'Indeed, they are planning a plan,']"
115,12,115_david_names_solomon_gave,"['david', 'names', 'solomon', 'gave', 'birds', 'we gave', 'david we', 'bounty we', 'taught', 'few']","['And We certainly gave David from Us bounty. [We said], ""O mountains, repeat [Our] praises with him, and the birds [as well]."" And We made pliable for him iron,', 'And We gave understanding of the case to Solomon, and to each [of them] We gave judgement and knowledge. And We subjected the mountains to exalt [Us], along with David and [also] the birds. And We were doing [that].', '[David] said, ""He has certainly wronged you in demanding your ewe [in addition] to his ewes. And indeed, many associates oppress one another, except for those who believe and do righteous deeds - and few are they."" And David became certain that We had tried him, and he asked forgiveness of his Lord and fell down bowing [in prostration] and turned in repentance [to Allah].']"
116,12,116_create_not create_that between_between in,"['create', 'not create', 'that between', 'between in', 'we did', 'earth that', 'we created', 'created', 'creation', 'play']","['And We did not create the heaven and the earth and that between them aimlessly. That is the assumption of those who disbelieve, so woe to those who disbelieve from the Fire.', 'And We did not create the heaven and earth and that between them in play.', 'And We did not create the heavens and earth and that between them in play.']"
117,12,117_reward doers_reward_doers good_doers,"['reward doers', 'reward', 'doers good', 'doers', 'thus', 'good', 'best reward', 'from us', 'reward who', 'but good']","['Indeed, We thus reward the doers of good.', 'Indeed, We thus reward the doers of good.', 'Indeed, We thus reward the doers of good.']"
118,12,118_peace_born_alive_let him,"['peace', 'born', 'alive', 'let him', 'raised', 'day', 'possible', 'will die', 'task', 'peace then']","['Only a saying: ""Peace, peace.""', 'And peace is on me the day I was born and the day I will die and the day I am raised alive.""', 'And peace be upon him the day he was born and the day he dies and the day he is raised alive.']"
119,11,119_couches_adorned couches_on adorned_reclining on,"['couches', 'adorned couches', 'on adorned', 'reclining on', 'reclining', 'adorned', 'on', 'facing each', 'lined up', 'left in']","['On adorned couches, observing.', 'On adorned couches, observing.', 'They and their spouses - in shade, reclining on adorned couches.']"
120,11,120_will grieve_grieve_no fear_concerning nor,"['will grieve', 'grieve', 'no fear', 'concerning nor', 'be concerning', 'nor will', 'fear will', 'will there', 'there be', 'concerning']","['[To whom Allah will say], ""O My servants, no fear will there be concerning you this Day, nor will you grieve,', 'Indeed, those who have believed [in Prophet Muhammad] and those [before Him] who were Jews or Sabeans or Christians - those [among them] who believed in Allah and the Last Day and did righteousness - no fear will there be concerning them, nor will they grieve.', 'Indeed, those who believed and those who were Jews or Christians or Sabeans [before Prophet Muhammad] - those [among them] who believed in Allah and the Last Day and did righteousness - will have their reward with their Lord, and no fear will there be concerning them, nor will they grieve.']"
121,11,121_those before_observed how_observed_wronged but,"['those before', 'observed how', 'observed', 'wronged but', 'not traveled', 'but allah', 'traveled', 'traveled through', 'than in', 'wronging themselves']","['Have they not traveled through the land and observed how was the end of those who were before them? They were greater than them in strength and in impression on the land, but Allah seized them for their sins. And they had not from Allah any protector.', 'Have they not traveled through the land and observed how was the end of those before them? And they were greater than them in power. But Allah is not to be caused failure by anything in the heavens or on the earth. Indeed, He is ever Knowing and Competent.', 'Have they not traveled through the earth and observed how was the end of those before them? They were greater than them in power, and they plowed the earth and built it up more than they have built it up, and their messengers came to them with clear evidences. And Allah would not ever have wronged them, but they were wronging themselves.']"
122,11,122_urge_seizure_consequence what_punishment if,"['urge', 'seizure', 'consequence what', 'punishment if', 'consequence', 'portion', 'punishment', 'punish', 'lord', 'my lord']","['They impatiently urge you to bring about evil before good, while there has already occurred before them similar punishments [to what they demand]. And indeed, your Lord is full of forgiveness for the people despite their wrongdoing, and indeed, your Lord is severe in penalty.', 'Corruption has appeared throughout the land and sea by [reason of] what the hands of people have earned so He may let them taste part of [the consequence of] what they have done that perhaps they will return [to righteousness].', 'And they urge you to hasten the punishment. And if not for [the decree of] a specified term, punishment would have reached them. But it will surely come to them suddenly while they perceive not.']"
123,11,123_mary_delivered_angel_garment,"['mary', 'delivered', 'angel', 'garment', 'mention', 'zechariah', 'son', 'son mary', 'female', 'chosen']","['But when she delivered her, she said, ""My Lord, I have delivered a female."" And Allah was most knowing of what she delivered, ""And the male is not like the female. And I have named her Mary, and I seek refuge for her in You and [for] her descendants from Satan, the expelled [from the mercy of Allah].""', 'So her Lord accepted her with good acceptance and caused her to grow in a good manner and put her in the care of Zechariah. Every time Zechariah entered upon her in the prayer chamber, he found with her provision. He said, ""O Mary, from where is this [coming] to you?"" She said, ""It is from Allah. Indeed, Allah provides for whom He wills without account.""', '[And mention] when the angels said, ""O Mary, indeed Allah gives you good tidings of a word from Him, whose name will be the Messiah, Jesus, the son of Mary - distinguished in this world and the Hereafter and among those brought near [to Allah].']"
124,11,124_your plan_recite_accepted from_my,"['your plan', 'recite', 'accepted from', 'my', 'sound', 'my lord', 'accepted', 'upon your', 'me', 'news']","['And say, ""Praise to Allah, who has not taken a son and has had no partner in [His] dominion and has no [need of a] protector out of weakness; and glorify Him with [great] glorification.""', 'And recite to them the story of Adam\'s two sons, in truth, when they both offered a sacrifice [to Allah], and it was accepted from one of them but was not accepted from the other. Said [the latter], ""I will surely kill you."" Said [the former], ""Indeed, Allah only accepts from the righteous [who fear Him].', 'And recite to them the news of Noah, when he said to his people, ""O my people, if my residence and my reminding of the signs of Allah has become burdensome upon you - then I have relied upon Allah. So resolve upon your plan and [call upon] your associates. Then let not your plan be obscure to you. Then carry it out upon me and do not give me respite.']"
125,11,125_produce_harvest_grow_thereby,"['produce', 'harvest', 'grow', 'thereby', 'emerging', 'fruit', 'rain', 'grapevines', 'grain', 'rain from']","['He causes to grow for you thereby the crops, olives, palm trees, grapevines, and from all the fruits. Indeed in that is a sign for a people who give thought.', 'And We have sent down blessed rain from the sky and made grow thereby gardens and grain from the harvest', 'And it is He who sends down rain from the sky, and We produce thereby the growth of all things. We produce from it greenery from which We produce grains arranged in layers. And from the palm trees - of its emerging fruit are clusters hanging low. And [We produce] gardens of grapevines and olives and pomegranates, similar yet varied. Look at [each of] its fruit when it yields and [at] its ripening. Indeed in that are signs for a people who believe.']"
126,11,126_unjust than_more unjust_who invents_who more,"['unjust than', 'more unjust', 'who invents', 'who more', 'invents', 'about allah', 'unjust', 'than one', 'lie', 'denies']","['So who is more unjust than he who invents a lie about Allah or denies His signs? Indeed, the criminals will not succeed', 'And who is more unjust than one who invents about Allah a lie or denies His verses? Indeed, the wrongdoers will not succeed.', 'And who is more unjust than one who invents a lie about Allah or denies the truth when it has come to him? Is there not in Hell a [sufficient] residence for the disbelievers?']"
127,11,127_measure_balance_give full_full measure,"['measure', 'balance', 'give full', 'full measure', 'full', 'weight', 'commit abuse', 'not deprive', 'earth spreading', 'people their']","['And do not deprive people of their due and do not commit abuse on earth, spreading corruption.', 'And give full measure when you measure, and weigh with an even balance. That is the best [way] and best in result.', 'And O my people, give full measure and weight in justice and do not deprive the people of their due and do not commit abuse on the earth, spreading corruption.']"
128,11,128_honor_madinah_power_judge,"['honor', 'madinah', 'power', 'judge', 'allah entirely', 'judge between', 'belongs', 'hypocrites', 'belongs allah', 'hypocrisy']","['Whoever desires honor [through power] - then to Allah belongs all honor. To Him ascends good speech, and righteous work raises it. But they who plot evil deeds will have a severe punishment, and the plotting of those - it will perish.', 'Those who take disbelievers as allies instead of the believers. Do they seek with them honor [through power]? But indeed, honor belongs to Allah entirely.', 'They say, ""If we return to al-Madinah, the more honored [for power] will surely expel therefrom the more humble."" And to Allah belongs [all] honor, and to His Messenger, and to the believers, but the hypocrites do not know.']"
129,10,129_all praise_praise_praise due_due allah,"['all praise', 'praise', 'praise due', 'due allah', 'due', 'need', 'lord worlds', 'belongs all', 'need praiseworthy', 'allah who']","['[All] praise is [due] to Allah, who created the heavens and the earth and made the darkness and the light. Then those who disbelieve equate [others] with their Lord.', '[All] praise is [due] to Allah, to whom belongs whatever is in the heavens and whatever is in the earth, and to Him belongs [all] praise in the Hereafter. And He is the Wise, the Acquainted.', '[All] praise is [due] to Allah, Lord of the worlds -']"
130,10,130_fire_appease_not made_that those,"['fire', 'appease', 'not made', 'that those', 'given scripture', 'does allah', 'will bring', 'who given', 'covenant', 'home']","['And they say, ""Never will the Fire touch us, except for a few days."" Say, ""Have you taken a covenant with Allah? For Allah will never break His covenant. Or do you say about Allah that which you do not know?""', 'Those who remained behind rejoiced in their staying [at home] after [the departure of] the Messenger of Allah and disliked to strive with their wealth and their lives in the cause of Allah and said, ""Do not go forth in the heat."" Say, ""The fire of Hell is more intensive in heat"" - if they would but understand.', 'And We have not made the keepers of the Fire except angels. And We have not made their number except as a trial for those who disbelieve - that those who were given the Scripture will be convinced and those who have believed will increase in faith and those who were given the Scripture and the believers will not doubt and that those in whose hearts is hypocrisy and the disbelievers will say, ""What does Allah intend by this as an example?"" Thus does Allah leave astray whom He wills and guides whom He wills. And none knows the soldiers of your Lord except Him. And mention of the Fire is not but a reminder to humanity.']"
131,10,131_clouds_rain_sky_down rain,"['clouds', 'rain', 'sky', 'down rain', 'sends', 'from sky', 'rain from', 'colors', 'see', 'makes']","['Do you not see that Allah drives clouds? Then He brings them together, then He makes them into a mass, and you see the rain emerge from within it. And He sends down from the sky, mountains [of clouds] within which is hail, and He strikes with it whom He wills and averts it from whom He wills. The flash of its lightening almost takes away the eyesight.', 'Do you not see that Allah sends down rain from the sky, and We produce thereby fruits of varying colors? And in the mountains are tracts, white and red of varying shades and [some] extremely black.', 'Do you not see that Allah sends down rain from the sky and makes it flow as springs [and rivers] in the earth; then He produces thereby crops of varying colors; then they dry and you see them turned yellow; then He makes them [scattered] debris. Indeed in that is a reminder for those of understanding.']"
132,10,132_jacob_john_heir_give me,"['jacob', 'john', 'heir', 'give me', 'him while', 'zechariah', 'me', 'inherit', 'him', 'name']","['And when they entered from where their father had ordered them, it did not avail them against Allah at all except [it was] a need within the soul of Jacob, which he satisfied. And indeed, he was a possessor of knowledge because of what We had taught him, but most of the people do not know.', 'So the angels called him while he was standing in prayer in the chamber, ""Indeed, Allah gives you good tidings of John, confirming a word from Allah and [who will be] honorable, abstaining [from women], and a prophet from among the righteous.""', '[Jacob] said, ""Never will I send him with you until you give me a promise by Allah that you will bring him [back] to me, unless you should be surrounded by enemies."" And when they had given their promise, he said, ""Allah, over what we say, is Witness.""']"
133,10,133_their refuge_wretched destination_wretched_refuge,"['their refuge', 'wretched destination', 'wretched', 'refuge', 'disbelievers', 'disbelievers hypocrites', 'destination', 'harsh', 'against disbelievers', 'be fire']","['We will cast terror into the hearts of those who disbelieve for what they have associated with Allah of which He had not sent down [any] authority. And their refuge will be the Fire, and wretched is the residence of the wrongdoers.', 'O Prophet, fight against the disbelievers and the hypocrites and be harsh upon them. And their refuge is Hell, and wretched is the destination.', 'O Prophet, strive against the disbelievers and the hypocrites and be harsh upon them. And their refuge is Hell, and wretched is the destination.']"
134,10,134_our signs_signs_denied our_signs those,"['our signs', 'signs', 'denied our', 'signs those', 'our', 'as way', 'if see', 'disbelieved denied', 'companions hellfire', 'adopt']","['But those who disbelieve and deny Our signs - those are the companions of Hellfire.', 'But those who disbelieved and denied Our signs - they are the companions of Hellfire.', 'I will turn away from My signs those who are arrogant upon the earth without right; and if they should see every sign, they will not believe in it. And if they see the way of consciousness, they will not adopt it as a way; but if they see the way of error, they will adopt it as a way. That is because they have denied Our signs and they were heedless of them.']"
135,10,135_ridicule_used ridicule_enveloped_enveloped by,"['ridicule', 'used ridicule', 'enveloped', 'enveloped by', 'ridicule but', 'already messengers', 'how terrible', 'terrible my', 'used', 'before but']","['And when their messengers came to them with clear proofs, they [merely] rejoiced in what they had of knowledge, but they were enveloped by what they used to ridicule.', 'And already were messengers ridiculed before you, but those who mocked them were enveloped by that which they used to ridicule.', 'And already were messengers ridiculed before you, but those who mocked them were enveloped by what they used to ridicule.']"
136,10,136_criminals_thus_thus do_do we,"['criminals', 'thus', 'thus do', 'do we', 'into hearts', 'will we', 'insert', 'others for', 'criminals that', 'thus have']","['And thus do We detail the verses, and [thus] the way of the criminals will become evident.', 'Thus do We insert denial into the hearts of the criminals.', 'Thus do We deal with the criminals.']"
137,10,137_abraham_peace_peace upon_calf,"['abraham', 'peace', 'peace upon', 'calf', 'then what', 'here', 'what your', 'messengers', 'called', 'then went']","['[Abraham] said, ""Then what is your business [here], O messengers?""', '""Peace upon Abraham.""', 'And certainly did Our messengers come to Abraham with good tidings; they said, ""Peace."" He said, ""Peace,"" and did not delay in bringing [them] a roasted calf.']"
138,10,138_hour_only with_knowledge only_when its,"['hour', 'only with', 'knowledge only', 'when its', 'hour coming', 'muhammad about', 'ask muhammad', 'ask', 'about it', 'doubt about']","['Indeed, the Hour is coming - no doubt about it - but most of the people do not believe.', 'And when it was said, \'Indeed, the promise of Allah is truth and the Hour [is coming] - no doubt about it,\' you said, \'We know not what is the Hour. We assume only assumption, and we are not convinced.\' ""', 'They ask you, [O Muhammad], about the Hour: when is its arrival? Say, ""Its knowledge is only with my Lord. None will reveal its time except Him. It lays heavily upon the heavens and the earth. It will not come upon you except unexpectedly."" They ask you as if you are familiar with it. Say, ""Its knowledge is only with Allah, but most of the people do not know.""']"
139,10,139_an easy_easy for_there any_qur,"['an easy', 'easy for', 'there any', 'qur', 'qur an', 'any who', 'so there', 'will remember', 'have certainly', 'easy']","[""And We have certainly made the Qur'an easy for remembrance, so is there any who will remember?"", ""And We have certainly made the Qur'an easy for remembrance, so is there any who will remember?"", ""And We have certainly made the Qur'an easy for remembrance, so is there any who will remember?""]"
